0 578
0 116
0 199
0 671
0 646
0 575
0 888
0 186
0 204
0 399
0 906
0 10
0 14
0 916
0 437
0 223
0 226
0 98
0 40
0 846
0 859
0 32
0 76
0 288
0 486
0 525
0 621
0 644
0 667
0 698
0 700
0 735
0 830
1 277
1 146
1 524
1 642
1 655
1 592
1 229
1 51
1 287
1 807
1 799
1 967
1 652
1 784
1 763
1 836
1 252
1 89
1 939
1 61
1 111
1 191
1 327
1 434
1 487
1 661
1 682
1 871
1 949
2 258
2 612
2 765
2 563
2 294
2 636
2 802
2 462
2 876
2 891
2 469
2 811
2 790
2 119
2 305
2 627
2 634
2 721
2 788
2 944
3 702
3 937
3 709
3 345
3 268
3 777
3 152
3 429
3 72
3 582
3 576
3 499
3 779
3 474
3 194
3 473
3 652
3 337
3 390
3 798
3 642
3 252
3 669
3 606
3 79
3 129
3 483
3 555
3 568
3 683
3 693
3 952
4 289
4 698
4 673
4 667
4 916
4 428
4 57
4 739
4 518
4 30
4 76
4 94
4 110
4 224
4 267
4 303
4 391
4 396
4 430
4 511
4 829
4 851
4 914
4 942
4 953
5 843
5 356
5 622
5 205
5 24
5 933
5 702
5 677
5 818
5 451
5 108
5 425
5 867
5 816
5 347
5 526
5 550
5 577
5 884
6 753
6 27
6 997
6 833
6 926
6 505
6 913
6 749
6 514
6 652
6 199
6 665
6 651
6 179
6 343
6 658
6 732
6 952
6 954
7 711
7 245
7 615
7 824
7 334
7 53
7 950
7 968
7 289
7 719
7 195
7 816
7 159
7 238
7 241
7 363
7 375
7 419
7 515
7 587
7 702
7 796
8 549
8 770
8 878
8 861
8 788
8 921
8 463
8 85
8 38
8 88
8 108
8 213
8 264
8 335
8 527
8 553
8 580
8 629
8 649
8 666
8 744
8 753
8 858
8 865
8 917
9 477
9 996
9 344
9 188
9 880
9 760
9 137
9 367
9 39
9 113
9 257
9 464
9 227
9 966
9 355
9 974
9 102
9 351
9 357
9 409
9 488
9 494
9 495
9 562
9 736
9 737
9 915
9 925
9 972
9 983
9 991
10 95
10 400
10 741
10 550
10 657
10 98
10 427
10 14
10 30
10 217
10 500
10 618
10 628
10 761
10 769
10 774
10 785
10 803
10 873
10 936
10 942
11 627
11 353
11 104
11 919
11 961
11 935
11 389
11 77
11 688
11 126
11 586
11 557
11 326
11 274
11 885
11 554
11 86
11 84
11 112
11 122
11 137
11 168
11 212
11 256
11 260
11 380
11 402
11 436
11 499
11 517
11 625
11 660
11 705
11 713
11 848
11 876
11 880
11 907
11 936
11 951
11 996
12 600
12 284
12 645
12 481
12 730
12 895
12 823
12 827
12 542
12 110
12 641
12 263
12 305
12 378
12 383
12 460
12 543
12 548
12 602
12 689
12 756
12 848
12 972
13 371
13 910
13 897
13 535
13 988
13 332
13 898
13 36
13 854
13 901
13 462
13 381
13 69
13 205
13 248
13 264
13 282
13 333
13 346
13 349
13 350
13 425
13 506
13 581
13 622
13 702
13 823
13 839
13 858
13 989
14 772
14 758
14 985
14 845
14 399
14 555
14 575
14 292
14 679
14 971
14 204
14 254
14 226
14 396
14 297
14 559
14 704
14 87
14 853
14 780
14 138
14 521
14 386
14 426
14 85
14 99
14 119
14 154
14 219
14 234
14 259
14 271
14 285
14 291
14 302
14 376
14 410
14 561
14 567
14 623
14 650
14 707
14 728
14 761
14 803
14 830
14 852
14 894
14 917
14 959
15 117
15 702
15 674
15 666
15 633
15 782
15 993
15 995
15 765
15 997
15 207
15 906
15 253
15 21
15 318
15 349
15 369
15 385
15 753
15 792
15 898
15 922
16 435
16 19
16 498
16 823
16 277
16 46
16 168
16 102
16 227
16 566
16 555
16 735
16 184
16 191
16 198
16 265
16 278
16 357
16 367
16 579
16 587
16 789
16 829
16 870
17 495
17 603
17 161
17 66
17 379
17 659
17 836
17 341
17 155
17 779
17 41
17 27
17 60
17 125
17 129
17 130
17 194
17 218
17 230
17 231
17 316
17 415
17 429
17 452
17 577
17 630
17 956
17 975
17 997
18 241
18 631
18 566
18 372
18 656
18 568
18 240
18 268
18 277
18 493
18 542
18 578
18 715
18 737
18 781
18 795
18 798
18 876
19 105
19 106
19 636
19 583
19 760
19 34
19 299
19 137
19 731
19 972
19 614
19 431
19 497
19 436
19 93
19 429
19 853
19 37
19 118
19 167
19 243
19 290
19 392
19 435
19 509
19 546
19 563
19 568
19 596
19 880
19 892
19 996
20 398
20 732
20 778
20 43
20 47
20 819
20 632
20 201
20 243
20 329
20 27
20 764
20 420
20 230
20 448
20 483
20 909
20 120
20 67
20 121
20 211
20 337
20 345
20 415
20 436
20 471
20 641
20 806
20 927
21 995
21 925
21 323
21 818
21 702
21 289
21 978
21 375
21 532
21 572
21 238
21 921
21 562
21 140
21 62
21 64
21 115
21 117
21 124
21 159
21 175
21 306
21 331
21 425
21 459
21 496
21 577
21 747
21 785
21 792
21 793
21 796
21 815
21 824
21 993
22 25
22 814
22 277
22 184
22 638
22 557
22 249
22 460
22 418
22 743
22 540
22 605
22 777
22 239
22 312
22 317
22 372
22 509
22 660
22 689
22 692
22 731
22 750
22 781
22 983
23 281
23 274
23 997
23 714
23 545
23 179
23 684
23 379
23 732
23 390
23 327
23 490
23 949
23 641
23 374
23 683
23 237
23 412
23 522
23 606
23 652
23 665
23 749
23 860
24 702
24 50
24 275
24 865
24 861
24 147
24 858
24 347
24 117
24 140
24 156
24 211
24 221
24 424
24 466
24 527
24 703
24 762
24 767
24 816
24 825
24 866
24 868
24 918
24 937
24 978
25 977
25 200
25 432
25 465
25 106
25 721
25 996
25 39
25 703
25 304
25 131
25 807
25 427
25 388
25 122
25 177
25 248
25 413
25 488
25 492
25 527
25 590
25 659
25 679
25 737
25 754
25 822
25 957
26 417
26 702
26 579
26 330
26 827
26 192
26 604
26 487
26 623
26 94
26 145
26 167
26 168
26 230
26 353
26 436
26 440
26 488
26 590
26 979
27 809
27 798
27 931
27 791
27 233
27 476
27 320
27 877
27 999
27 199
27 558
27 342
27 70
27 395
27 458
27 645
27 771
27 820
28 81
28 731
28 650
28 66
28 920
28 946
28 215
28 128
28 199
28 676
28 669
28 203
28 777
28 785
28 722
28 364
28 608
28 59
28 207
28 259
28 365
28 456
28 474
28 641
28 646
28 709
28 714
28 739
28 784
28 798
29 727
29 429
29 683
29 131
29 863
29 867
29 764
29 355
29 798
29 909
29 35
29 871
29 661
29 963
29 508
29 448
29 172
29 474
29 646
29 650
29 800
29 956
30 471
30 144
30 120
30 939
30 430
30 463
30 588
30 141
30 773
30 213
30 700
30 97
30 85
30 234
30 254
30 408
30 515
30 518
30 520
30 559
30 571
30 702
30 726
30 728
30 830
31 745
31 711
31 878
31 293
31 346
31 369
31 63
31 281
31 214
31 918
31 925
31 812
31 532
31 577
31 334
31 950
31 436
31 254
31 58
31 311
31 526
31 615
31 901
32 467
32 431
32 80
32 647
32 929
32 764
32 877
32 395
32 778
32 565
32 686
32 714
32 836
32 141
32 181
32 185
32 259
32 337
32 355
32 381
32 480
32 598
32 626
32 662
32 798
32 931
33 820
33 925
33 124
33 547
33 108
33 978
33 775
33 629
33 921
33 270
33 977
33 34
33 261
33 499
33 505
33 348
33 153
33 171
33 309
33 315
33 328
33 360
33 995
34 982
34 787
34 546
34 163
34 660
34 730
34 494
34 112
34 980
34 372
34 963
34 295
34 110
34 302
34 304
34 329
34 354
34 512
35 296
35 863
35 174
35 683
35 620
35 659
35 128
35 173
35 790
35 641
35 560
35 66
35 125
35 130
35 152
35 201
35 208
35 230
35 268
35 298
35 452
35 505
35 624
35 628
35 650
35 750
35 779
35 864
35 877
35 968
36 702
36 727
36 535
36 159
36 404
36 839
36 988
36 605
36 184
36 278
36 53
36 63
36 179
36 293
36 526
36 581
36 627
36 629
36 663
36 751
36 882
36 990
36 996
37 241
37 636
37 277
37 510
37 638
37 980
37 284
37 972
37 680
37 951
37 94
37 187
37 756
37 47
37 80
37 112
37 318
37 378
37 432
37 436
37 503
37 569
37 625
37 724
37 777
37 831
37 891
38 612
38 564
38 989
38 796
38 933
38 178
38 159
38 371
38 136
38 77
38 658
38 657
38 40
38 171
38 573
38 681
38 702
38 775
38 896
39 663
39 249
39 614
39 431
39 874
39 277
39 224
39 248
39 331
39 373
39 413
39 440
39 443
39 566
39 596
39 789
39 831
39 872
39 938
39 961
40 159
40 327
40 140
40 816
40 388
40 303
40 226
40 139
40 644
40 149
40 635
40 250
40 110
40 133
40 387
40 410
40 427
40 554
40 607
40 697
40 705
40 828
40 914
40 941
41 76
41 143
41 597
41 850
41 166
41 726
41 267
41 226
41 491
41 85
41 86
41 103
41 138
41 234
41 262
41 475
41 705
41 718
41 817
41 928
41 999
42 633
42 714
42 421
42 778
42 945
42 624
42 233
42 310
42 686
42 343
42 974
42 658
42 841
42 126
42 149
42 201
42 238
42 355
42 565
42 632
42 641
42 697
42 708
42 722
42 801
42 842
42 949
42 999
43 932
43 669
43 641
43 504
43 329
43 131
43 173
43 229
43 312
43 355
43 405
43 446
43 448
43 474
43 508
43 668
43 675
43 909
43 975
44 145
44 512
44 578
44 996
44 794
44 163
44 162
44 492
44 212
44 94
44 242
44 65
44 187
44 277
44 305
44 361
44 567
44 625
44 634
44 642
44 703
45 895
45 400
45 866
45 610
45 463
45 559
45 752
45 251
45 82
45 85
45 143
45 234
45 295
45 348
45 386
45 393
45 410
45 449
45 491
45 554
45 618
45 726
45 851
45 856
45 906
45 923
46 431
46 958
46 414
46 703
46 919
46 367
46 378
46 605
46 75
46 138
46 145
46 148
46 344
46 455
46 567
46 602
46 831
46 957
47 412
47 233
47 551
47 992
47 620
47 252
47 121
47 237
47 161
47 642
47 954
47 406
47 228
47 124
47 172
47 514
47 584
47 860
47 864
47 867
47 911
48 893
48 592
48 916
48 253
48 186
48 959
48 525
48 166
48 853
48 428
48 894
48 942
48 610
48 399
48 127
48 128
48 202
48 272
48 423
48 449
48 543
48 618
48 644
48 728
48 838
48 917
48 936
49 990
49 300
49 503
49 389
49 983
49 579
49 56
49 602
49 794
49 524
49 648
49 167
49 180
49 248
49 257
49 431
49 634
49 636
49 797
49 868
49 992
49 996
50 64
50 793
50 523
50 742
50 925
50 190
50 108
50 293
50 301
50 515
50 528
50 633
50 664
50 678
50 702
50 769
50 774
50 789
50 902
50 927
50 937
50 972
51 716
51 508
51 669
51 329
51 125
51 72
51 875
51 718
51 151
51 161
51 343
51 398
51 487
51 530
51 647
51 683
51 722
51 799
51 807
52 334
52 968
52 532
52 108
52 989
52 136
52 832
52 345
52 53
52 114
52 150
52 165
52 514
52 525
52 627
52 702
52 978
53 664
53 482
53 153
53 762
53 438
53 222
53 854
53 821
53 416
53 702
53 643
53 757
53 532
53 753
53 165
53 519
53 976
53 296
53 91
53 984
53 55
53 289
53 374
53 439
53 527
53 745
53 788
53 818
53 862
53 908
54 969
54 578
54 763
54 406
54 699
54 945
54 584
54 420
54 632
54 59
54 160
54 179
54 228
54 355
54 390
54 608
54 646
54 708
54 784
54 825
54 836
54 913
54 929
55 847
55 293
55 869
55 890
55 694
55 702
55 775
55 289
55 812
55 581
55 519
55 899
55 81
55 897
55 767
55 867
55 926
55 108
55 115
55 769
55 804
56 418
56 444
56 614
56 594
56 943
56 83
56 256
56 855
56 996
56 162
56 185
56 244
56 294
56 509
56 634
56 645
56 736
56 811
56 891
56 915
57 767
57 882
57 687
57 970
57 437
57 134
57 254
57 246
57 613
57 302
57 85
57 204
57 240
57 267
57 308
57 335
57 339
57 393
57 466
57 491
57 677
57 701
57 740
57 756
58 621
58 666
58 767
58 847
58 470
58 411
58 189
58 451
58 275
58 289
58 416
58 555
58 68
58 115
58 153
58 182
58 205
58 214
58 423
58 702
58 746
58 865
58 878
58 970
58 977
59 195
59 798
59 860
59 340
59 365
59 963
59 931
59 913
59 662
59 243
59 320
59 468
59 490
59 945
59 964
60 458
60 181
60 231
60 651
60 203
60 262
60 668
60 683
60 800
60 665
60 194
60 279
60 343
60 365
60 421
60 424
60 433
60 461
60 508
60 598
60 652
60 676
60 746
60 749
60 791
60 913
60 925
60 949
61 451
61 545
61 931
61 487
61 671
61 733
61 763
61 992
61 551
61 650
61 456
61 183
61 130
61 260
61 268
61 433
61 651
61 669
61 809
61 905
62 747
62 517
62 182
62 933
62 832
62 165
62 990
62 547
62 238
62 786
62 843
62 485
62 158
62 190
62 318
62 328
62 363
62 581
62 781
62 796
62 818
62 878
62 896
63 527
63 459
63 114
63 782
63 425
63 674
63 805
63 531
63 978
63 775
63 897
63 124
63 702
63 890
63 861
63 238
63 269
63 547
64 416
64 767
64 747
64 117
64 865
64 968
64 757
64 788
64 899
64 820
64 467
64 222
64 238
64 872
64 717
64 264
64 306
64 590
64 321
64 350
64 439
64 519
64 702
64 796
64 812
64 818
64 869
64 925
64 940
64 962
65 316
65 263
65 522
65 364
65 359
65 975
65 777
65 863
65 658
65 88
65 196
65 218
65 320
65 337
65 345
65 355
65 458
65 675
65 728
65 749
65 829
65 956
66 340
66 397
66 662
66 733
66 201
66 279
66 89
66 505
66 310
66 490
66 816
66 108
66 151
66 207
66 229
66 298
66 319
66 417
66 429
66 551
66 693
66 764
66 920
66 996
67 481
67 212
67 785
67 584
67 279
67 151
67 544
67 632
67 401
67 863
67 778
67 799
67 927
67 619
67 697
67 71
67 116
67 135
67 194
67 208
67 385
67 474
67 499
67 504
67 530
67 616
67 630
67 682
67 754
67 779
67 842
68 955
68 815
68 640
68 966
68 983
68 257
68 122
68 604
68 506
68 827
68 443
68 309
68 113
68 94
68 367
68 256
68 249
68 314
68 248
68 104
68 875
68 193
68 127
68 145
68 205
68 218
68 225
68 305
68 368
68 414
68 435
68 557
68 750
68 996
69 879
69 81
69 238
69 627
69 776
69 691
69 824
69 532
69 782
69 214
69 419
69 690
69 544
69 574
69 505
69 86
69 924
69 338
69 578
69 702
69 793
69 812
69 865
69 899
69 925
70 869
70 117
70 249
70 276
70 224
70 846
70 906
70 348
70 780
70 202
70 644
70 948
70 76
70 768
70 704
70 667
70 236
70 266
70 407
70 456
70 484
70 514
70 518
70 623
70 752
70 935
70 964
71 249
71 827
71 646
71 366
71 310
71 203
71 799
71 121
71 746
71 201
71 72
71 131
71 116
71 345
71 927
71 172
71 359
71 400
71 936
71 247
71 155
71 230
71 276
71 287
71 468
71 684
71 708
71 806
71 841
71 842
71 875
72 857
72 691
72 777
72 885
72 421
72 779
72 211
72 791
72 79
72 582
72 771
72 253
72 924
72 118
72 131
72 263
72 312
72 504
72 646
72 905
72 927
72 932
73 972
73 256
73 432
73 460
73 409
73 634
73 930
73 107
73 361
73 225
73 102
73 640
73 614
73 229
73 490
73 223
73 257
73 304
73 469
73 524
73 645
73 996
74 383
74 366
74 606
74 763
74 849
74 909
74 871
74 191
74 617
74 740
74 134
74 135
74 172
74 207
74 276
74 312
74 407
74 415
74 475
74 496
74 576
74 675
74 709
74 744
74 784
74 798
74 799
74 809
74 860
74 881
74 949
75 301
75 843
75 861
75 274
75 811
75 594
75 435
75 94
75 719
75 983
75 137
75 497
75 994
75 110
75 133
75 135
75 509
75 810
76 625
76 132
76 103
76 224
76 673
76 829
76 99
76 85
76 98
76 156
76 170
76 175
76 396
76 501
76 774
76 784
76 873
76 936
77 261
77 296
77 494
77 198
77 512
77 703
77 177
77 321
77 472
77 510
77 586
77 640
77 957
77 961
78 212
78 329
78 816
78 253
78 202
78 272
78 673
78 295
78 851
78 894
78 588
78 455
78 916
78 513
78 720
78 735
78 169
78 223
78 308
78 342
78 345
78 521
78 748
78 873
79 702
79 522
79 490
79 365
79 401
79 201
79 665
79 790
79 658
79 911
79 690
79 873
79 194
79 195
79 208
79 210
79 286
79 354
79 366
79 555
79 619
79 662
79 676
79 777
79 809
79 867
79 931
80 919
80 789
80 590
80 314
80 510
80 198
80 472
80 966
80 273
80 107
80 203
80 383
80 416
80 432
80 435
80 464
80 508
80 600
80 625
80 656
80 695
80 703
80 719
80 855
80 935
80 961
80 972
81 221
81 781
81 878
81 124
81 350
81 670
81 289
81 417
81 150
81 178
81 109
81 702
81 626
81 120
81 347
81 669
81 793
81 922
81 981
82 607
82 766
82 916
82 142
82 410
82 894
82 324
82 127
82 169
82 216
82 953
82 888
82 698
82 569
82 597
82 144
82 213
82 246
82 254
82 400
82 430
82 554
82 700
82 734
82 846
82 936
83 369
83 464
83 344
83 503
83 472
83 423
83 844
83 596
83 831
83 979
83 212
83 248
83 444
83 575
83 618
83 625
83 797
83 814
83 961
84 634
84 423
84 389
84 409
84 294
84 367
84 326
84 614
84 823
84 481
84 462
84 192
84 466
84 317
84 319
84 939
84 133
84 290
84 299
84 300
84 413
84 587
84 692
84 787
84 957
85 702
85 711
85 474
85 208
85 387
85 570
85 348
85 206
85 219
85 267
85 856
85 520
85 748
85 928
85 924
85 491
85 923
85 755
85 247
85 700
85 768
85 766
85 410
85 478
85 623
85 450
85 541
85 166
85 295
85 965
85 774
85 291
85 698
85 554
85 852
85 644
85 463
85 86
85 99
85 100
85 112
85 142
85 180
85 185
85 253
85 266
85 301
85 308
85 338
85 342
85 396
85 454
85 514
85 518
85 556
85 559
85 589
85 610
85 613
85 790
85 813
85 878
85 886
85 892
85 939
85 959
85 987
86 666
86 989
86 271
86 944
86 841
86 132
86 285
86 859
86 623
86 387
86 348
86 965
86 550
86 906
86 780
86 325
86 362
86 394
86 697
86 705
86 726
86 734
86 850
86 967
87 384
87 223
87 463
87 705
87 206
87 591
87 817
87 292
87 984
87 783
87 120
87 303
87 103
87 97
87 204
87 267
87 455
87 500
87 575
87 647
87 659
87 803
87 829
88 332
88 973
88 691
88 553
88 950
88 717
88 334
88 629
88 350
88 282
88 371
88 298
88 403
88 489
88 812
88 677
88 447
88 117
88 636
88 397
88 190
88 386
88 580
88 587
88 702
88 775
88 782
88 815
88 847
88 968
88 988
89 417
89 996
89 893
89 300
89 632
89 764
89 228
89 733
89 329
89 785
89 871
89 763
89 841
89 337
89 340
89 229
89 396
89 181
89 234
89 345
89 401
89 480
89 905
89 929
90 299
90 180
90 462
90 935
90 880
90 261
90 442
90 384
90 367
90 603
90 996
90 144
90 953
90 313
90 336
90 436
90 492
90 546
90 549
90 563
90 723
90 737
90 958
90 966
91 171
91 293
91 474
91 785
91 471
91 609
91 708
91 690
91 584
91 620
91 218
91 157
91 204
91 215
91 263
91 339
91 364
91 412
91 420
91 582
91 601
91 658
91 669
91 732
91 974
92 868
92 305
92 475
92 936
92 561
92 202
92 611
92 291
92 607
92 204
92 525
92 939
92 134
92 388
92 735
92 780
92 303
92 338
92 822
92 141
92 119
92 219
92 266
92 382
92 387
92 414
92 427
92 618
92 621
92 682
92 696
92 837
92 878
92 906
93 558
93 682
93 740
93 746
93 628
93 201
93 889
93 474
93 189
93 199
93 279
93 340
93 452
93 573
93 596
93 624
93 630
93 658
93 662
93 708
93 732
93 856
93 886
93 890
93 911
93 913
93 992
94 344
94 814
94 469
94 594
94 377
94 305
94 135
94 361
94 920
94 799
94 107
94 208
94 464
94 481
94 510
94 546
94 562
94 566
94 567
94 602
94 625
94 760
94 802
94 810
94 844
94 987
95 520
95 704
95 240
95 589
95 705
95 859
95 500
95 335
95 396
95 186
95 100
95 110
95 253
95 407
95 426
95 471
95 552
95 723
95 755
95 803
95 840
95 925
95 987
96 117
96 436
96 498
96 943
96 186
96 112
96 118
96 145
96 177
96 197
96 227
96 256
96 294
96 313
96 359
96 431
96 579
96 601
96 604
96 645
96 713
96 797
96 893
97 670
97 497
97 544
97 541
97 335
97 928
97 140
97 288
97 521
97 644
97 924
97 942
97 965
98 480
98 139
98 291
98 707
98 555
98 223
98 138
98 154
98 202
98 213
98 236
98 263
98 337
98 518
98 541
98 701
98 710
98 886
98 923
99 706
99 344
99 317
99 949
99 554
99 856
99 687
99 837
99 758
99 400
99 154
99 571
99 236
99 965
99 235
99 679
99 986
99 888
99 193
99 156
99 407
99 561
99 718
99 729
100 435
100 412
100 661
100 295
100 129
100 970
100 516
100 292
100 272
100 356
100 427
100 491
100 597
100 645
100 699
100 721
100 854
100 866
100 906
100 938
100 953
101 702
101 553
101 681
101 241
101 793
101 839
101 155
101 646
101 117
101 170
101 205
101 425
101 447
101 622
101 629
101 744
101 770
101 978
102 369
102 762
102 702
102 367
102 645
102 557
102 435
102 601
102 639
102 625
102 506
102 380
102 436
102 763
102 122
102 134
102 290
102 300
102 493
102 563
102 568
102 590
102 614
102 692
102 719
102 958
102 960
102 980
103 820
103 802
103 623
103 948
103 817
103 142
103 285
103 597
103 426
103 120
103 169
103 186
103 240
103 288
103 399
103 430
103 575
103 589
103 618
103 761
103 816
104 703
104 326
104 811
104 876
104 300
104 892
104 638
104 715
104 634
104 344
104 402
104 632
104 144
104 455
104 248
104 357
104 462
104 506
104 601
104 645
104 680
104 779
105 869
105 318
105 507
105 666
105 332
105 269
105 832
105 977
105 549
105 933
105 918
105 334
105 539
105 583
105 412
105 482
105 489
105 577
105 581
105 597
105 661
105 702
105 706
105 742
105 903
105 978
106 150
106 498
106 614
106 715
106 957
106 738
106 493
106 907
106 255
106 317
106 488
106 999
106 441
106 809
106 852
106 465
106 586
106 600
106 844
107 347
107 938
107 586
107 969
107 436
107 692
107 649
107 368
107 556
107 462
107 996
107 468
107 911
107 198
107 277
107 308
107 387
107 460
107 469
107 568
107 578
107 590
107 594
107 810
107 840
107 855
107 972
107 979
107 991
108 788
108 298
108 334
108 922
108 702
108 189
108 467
108 439
108 611
108 238
108 347
108 463
108 564
108 792
108 896
109 839
109 742
109 221
109 702
109 776
109 641
109 391
109 222
109 321
109 328
109 479
109 531
109 621
109 643
109 769
109 787
109 801
109 805
110 444
110 719
110 649
110 601
110 724
110 220
110 736
110 638
110 773
110 145
110 163
110 391
110 488
110 546
110 676
110 810
111 889
111 620
111 480
111 121
111 275
111 277
111 341
111 395
111 487
111 504
111 930
112 453
112 831
112 326
112 980
112 695
112 892
112 198
112 991
112 538
112 994
112 958
112 252
112 647
112 271
112 314
112 435
112 441
112 546
112 808
112 848
113 796
113 495
113 162
113 330
113 645
113 367
113 876
113 596
113 256
113 891
113 414
113 249
113 578
113 314
113 676
113 408
113 261
113 309
113 351
113 368
113 372
113 488
113 506
113 538
113 583
113 625
113 680
113 848
113 915
114 745
114 417
114 672
114 293
114 962
114 306
114 322
114 334
114 412
114 486
114 702
115 843
115 801
115 978
115 306
115 238
115 988
115 702
115 124
115 286
115 282
115 245
115 872
115 857
115 117
115 815
115 762
115 599
115 674
115 307
115 527
116 656
116 434
116 199
116 173
116 237
116 316
116 310
116 406
116 949
116 484
116 826
116 329
116 560
116 522
116 203
116 131
116 172
116 215
116 262
116 263
116 429
116 545
116 584
116 621
116 632
116 641
116 784
116 863
116 920
116 932
116 974
117 908
117 786
117 901
117 417
117 150
117 745
117 770
117 897
117 238
117 176
117 451
117 453
117 479
117 548
117 595
117 618
117 701
117 702
117 753
117 767
117 769
117 801
117 847
117 973
117 981
118 594
118 795
118 660
118 656
118 423
118 688
118 891
118 432
118 466
118 719
118 408
118 133
118 314
118 494
118 568
118 631
118 634
118 814
118 848
119 762
119 236
119 571
119 837
119 816
119 924
119 588
119 456
119 644
119 388
119 985
119 552
119 939
119 156
119 193
119 288
119 308
119 386
119 613
119 679
119 704
119 761
119 852
120 742
120 604
120 930
120 158
120 186
120 588
120 491
120 280
120 591
120 143
120 924
120 226
120 959
120 139
120 408
120 735
120 886
120 948
120 970
120 985
121 933
121 742
121 398
121 754
121 714
121 514
121 883
121 606
121 228
121 191
121 345
121 174
121 276
121 320
121 641
121 130
121 259
121 441
121 505
121 561
121 945
122 270
122 649
122 996
122 367
122 880
122 398
122 563
122 540
122 738
122 496
122 552
122 698
122 274
122 290
122 377
122 378
122 440
122 469
122 503
122 578
122 737
122 798
122 808
122 919
123 788
123 798
123 885
123 476
123 483
123 364
123 655
123 800
123 191
123 262
123 352
123 381
123 429
123 487
123 641
123 650
123 661
123 687
123 926
123 967
124 549
124 176
124 350
124 744
124 264
124 241
124 933
124 921
124 615
124 365
124 297
124 894
124 248
124 293
124 356
124 358
124 363
124 419
124 425
124 439
124 583
124 654
124 691
124 702
124 749
124 847
124 925
125 445
125 841
125 632
125 920
125 207
125 974
125 420
125 637
125 496
125 817
125 128
125 292
125 499
125 561
125 566
125 650
125 684
125 763
125 785
126 978
126 180
126 296
126 994
126 257
126 256
126 132
126 460
126 472
126 481
126 497
126 509
126 510
126 524
126 527
126 649
126 722
126 818
126 863
126 915
127 587
127 495
127 658
127 456
127 376
127 607
127 396
127 129
127 427
127 288
127 569
127 324
127 947
127 723
127 780
127 143
127 953
127 570
127 339
127 386
127 430
127 497
127 500
127 610
127 687
127 689
127 763
127 928
127 936
127 959
128 862
128 861
128 702
128 151
128 195
128 329
128 312
128 480
128 490
128 905
128 686
128 592
128 953
128 450
128 160
128 179
128 401
128 415
128 489
128 499
128 567
128 671
128 784
128 800
128 809
128 911
128 950
129 318
129 609
129 230
129 963
129 213
129 959
129 712
129 554
129 947
129 533
129 399
129 917
129 873
129 362
129 597
129 142
129 204
129 237
129 267
129 430
129 728
129 813
129 816
129 880
129 888
130 762
130 316
130 606
130 505
130 675
130 194
130 668
130 573
130 885
130 647
130 499
130 714
130 343
130 658
130 319
130 152
130 201
130 849
130 179
130 172
130 231
130 650
131 742
131 418
131 359
131 624
131 340
131 545
131 927
131 441
131 975
131 641
131 646
131 608
131 446
131 151
131 196
131 268
131 296
131 312
131 334
131 401
131 415
131 474
131 544
131 546
131 620
131 694
131 865
131 913
131 926
131 986
132 298
132 648
132 817
132 829
132 971
132 851
132 589
132 142
132 156
132 348
132 387
132 392
132 400
132 500
132 550
132 718
132 866
132 953
132 987
133 919
133 380
133 498
133 472
133 840
133 827
133 689
133 148
133 797
133 512
133 440
133 980
133 481
133 383
133 960
133 284
133 268
133 609
133 280
133 203
133 357
133 540
133 556
133 719
133 785
133 794
133 895
133 943
134 375
134 705
134 297
134 653
134 292
134 272
134 739
134 156
134 851
134 780
134 325
134 773
134 817
134 213
134 986
134 959
134 253
134 362
134 426
134 508
134 531
134 569
134 730
134 837
134 906
135 294
135 656
135 197
135 724
135 730
135 880
135 625
135 502
135 427
135 520
135 696
135 162
135 353
135 836
135 915
135 944
135 991
135 996
135 999
136 371
136 898
136 164
136 347
136 321
136 912
136 403
136 818
136 283
136 643
136 922
136 753
136 824
136 232
136 218
136 620
136 588
136 438
136 622
136 702
136 865
136 908
137 787
137 548
137 509
137 578
137 184
137 429
137 168
137 220
137 248
137 634
137 645
137 730
137 736
137 747
137 918
137 951
138 370
138 724
138 671
138 766
138 723
138 335
138 308
138 942
138 856
138 202
138 297
138 338
138 614
138 667
138 679
138 710
138 752
138 761
138 783
138 886
138 906
138 916
139 306
139 458
139 693
139 752
139 297
139 533
139 917
139 430
139 541
139 387
139 186
139 696
139 253
139 166
139 247
139 518
139 520
139 570
139 698
139 739
139 853
140 840
140 485
140 400
140 144
140 202
140 230
140 285
140 335
140 454
140 513
140 521
140 552
140 555
140 589
140 610
140 687
140 728
140 730
140 783
140 803
140 813
140 817
140 889
140 986
141 212
141 916
141 291
141 965
141 700
141 939
141 696
141 485
141 186
141 166
141 953
141 399
141 149
141 554
141 567
141 734
141 822
141 886
142 627
142 361
142 374
142 894
142 752
142 561
142 521
142 648
142 342
142 570
142 555
142 247
142 166
142 143
142 158
142 272
142 285
142 301
142 303
142 338
142 574
142 734
142 773
142 947
143 801
143 394
143 653
143 726
143 588
143 295
143 410
143 291
143 217
143 193
143 216
143 240
143 396
143 426
143 552
143 585
143 657
143 850
143 941
143 987
144 207
144 589
144 206
144 888
144 780
144 916
144 838
144 971
144 906
144 667
144 856
144 266
144 303
144 324
144 391
144 394
144 430
144 718
144 851
144 942
145 938
145 431
145 481
145 870
145 469
145 197
145 605
145 317
145 827
145 392
145 377
145 596
145 423
145 494
145 604
145 480
145 219
145 167
145 180
145 255
145 259
145 265
145 326
145 380
145 488
145 688
145 754
145 802
145 934
145 972
145 996
146 423
146 227
146 556
146 494
146 442
146 220
146 225
146 244
146 257
146 304
146 583
146 601
146 631
146 710
146 730
146 802
146 827
146 848
147 976
147 333
147 769
147 716
147 890
147 238
147 990
147 702
147 176
147 257
147 218
147 156
147 283
147 286
147 409
147 467
147 506
147 587
147 615
147 727
147 807
147 857
147 872
147 903
147 950
148 751
148 702
148 666
148 966
148 440
148 594
148 431
148 593
148 249
148 503
148 402
148 583
148 656
148 736
148 806
148 256
148 373
148 472
148 664
148 754
148 811
148 831
148 873
148 880
148 958
149 222
149 703
149 618
149 783
149 985
149 701
149 555
149 696
149 707
149 859
149 223
149 302
149 342
149 491
149 520
149 529
149 597
149 648
149 657
149 748
149 873
149 984
149 996
150 537
150 438
150 982
150 270
150 564
150 681
150 157
150 956
150 333
150 400
150 439
150 549
150 621
150 711
150 726
150 788
150 868
150 921
151 168
151 980
151 260
151 545
151 560
151 228
151 963
151 174
151 920
151 954
151 945
151 668
151 446
151 841
151 173
151 191
151 196
151 268
151 366
151 395
151 481
151 706
151 779
151 863
151 905
152 326
152 836
152 228
152 174
152 181
152 229
152 239
152 337
152 415
152 606
152 642
152 863
152 992
153 666
153 580
153 896
153 564
153 416
153 209
153 981
153 872
153 322
153 577
153 865
153 995
153 369
153 187
153 828
153 311
153 702
153 743
153 903
154 270
154 767
154 885
154 239
154 456
154 424
154 463
154 830
154 254
154 758
154 704
154 838
154 697
154 965
154 803
154 246
154 250
154 288
154 335
154 428
154 455
154 466
154 484
154 570
154 571
154 702
154 886
155 573
155 624
155 504
155 452
155 262
155 461
155 446
155 655
155 699
155 195
155 642
155 219
155 698
155 194
155 231
155 233
155 354
155 401
155 519
155 676
155 682
155 867
155 927
155 949
155 956
155 999
156 717
156 274
156 823
156 947
156 734
156 456
156 213
156 169
156 611
156 830
156 687
156 984
156 183
156 186
156 185
156 554
156 335
156 348
156 552
156 667
156 724
156 739
156 914
156 936
157 968
157 587
157 264
157 858
157 334
157 643
157 289
157 702
157 973
157 782
157 282
157 595
157 530
157 920
157 301
157 307
157 370
157 479
157 727
157 865
157 950
158 420
158 992
158 474
158 202
158 611
158 240
158 673
158 183
158 424
158 653
158 923
158 729
158 386
158 391
158 396
158 430
158 521
158 570
158 728
158 739
158 761
158 908
158 917
158 995
159 993
159 812
159 209
159 847
159 843
159 482
159 282
159 702
159 200
159 451
159 792
159 460
159 403
159 422
159 788
159 796
159 805
159 857
159 902
159 925
159 990
160 645
160 951
160 192
160 522
160 558
160 763
160 771
160 662
160 574
160 505
160 504
160 191
160 210
160 337
160 527
160 838
160 927
161 806
161 545
161 617
161 208
161 722
161 483
161 671
161 871
161 784
161 172
161 259
161 312
161 337
161 366
161 374
161 379
161 412
161 458
161 689
161 905
162 601
162 384
162 596
162 184
162 590
162 173
162 284
162 299
162 327
162 380
162 432
162 435
162 472
162 593
162 594
162 614
162 634
162 709
162 811
162 843
162 972
162 979
163 277
163 299
163 330
163 510
163 639
163 891
163 290
163 257
163 996
163 494
163 715
163 880
163 220
163 265
163 373
163 380
163 440
163 472
163 538
163 640
163 689
163 789
163 797
163 855
163 969
163 994
164 872
164 439
164 744
164 347
164 921
164 360
164 907
164 447
164 702
164 747
164 834
164 950
165 241
165 332
165 457
165 580
165 190
165 857
165 189
165 406
165 166
165 307
165 370
165 453
165 526
165 595
165 598
165 677
165 698
165 702
165 792
165 921
165 989
165 998
166 423
166 635
166 454
166 906
166 297
166 219
166 648
166 987
166 426
166 657
166 707
166 185
166 213
166 234
166 400
166 407
166 485
166 491
166 521
166 705
167 261
167 481
167 187
167 680
167 685
167 290
167 604
167 887
167 353
167 996
167 220
167 814
167 274
167 736
167 938
167 265
167 512
167 960
167 766
167 184
167 249
167 383
167 392
167 493
167 586
167 972
167 980
167 985
168 439
168 572
168 586
168 294
168 844
168 184
168 765
168 344
168 636
168 442
168 934
168 256
168 257
168 258
168 308
168 378
168 488
168 593
168 600
168 702
168 723
168 830
168 943
168 951
169 433
169 496
169 704
169 696
169 185
169 456
169 348
169 437
169 856
169 965
169 224
169 302
169 830
169 985
169 886
169 783
169 272
169 414
169 449
169 450
169 552
169 575
169 657
169 718
169 720
169 752
169 761
169 822
169 828
169 850
169 942
169 970
170 564
170 422
170 453
170 940
170 832
170 360
170 702
170 376
170 209
170 283
170 356
170 459
170 527
170 599
170 621
170 694
170 769
170 787
170 910
170 976
170 981
170 982
170 995
171 347
171 477
171 955
171 843
171 482
171 751
171 615
171 241
171 599
171 369
171 315
171 413
171 963
171 355
171 404
171 405
171 445
171 519
171 879
172 346
172 889
172 252
172 616
172 926
172 963
172 911
172 785
172 909
172 954
172 544
172 809
172 784
172 763
172 611
172 610
172 888
172 203
172 237
172 366
172 468
172 475
172 612
172 913
172 920
172 956
172 966
172 999
173 865
173 675
173 662
173 316
173 740
173 210
173 351
173 620
173 658
173 945
174 614
174 620
174 652
174 207
174 763
174 764
174 508
174 740
174 458
174 932
174 905
174 243
174 433
174 448
174 461
174 499
174 504
174 509
174 637
174 683
174 798
174 937
175 612
175 332
175 702
175 369
175 507
175 865
175 346
175 275
175 321
175 356
175 363
175 483
175 534
175 539
175 595
175 663
175 744
175 750
175 916
176 332
176 519
176 962
176 577
176 925
176 902
176 815
176 507
176 702
176 982
176 517
176 361
176 934
176 194
176 258
176 289
176 328
176 369
176 564
176 615
176 655
177 244
177 855
177 844
177 353
177 563
177 524
177 536
177 951
177 810
177 432
177 848
177 743
177 506
177 249
177 299
177 461
177 556
177 566
177 579
178 702
178 523
178 519
178 612
178 821
178 283
178 670
178 306
178 898
178 714
178 371
178 557
178 575
178 621
178 745
178 757
178 769
178 772
178 823
178 845
178 912
178 996
179 619
179 329
179 203
179 929
179 881
179 433
179 676
179 420
179 949
179 682
179 252
179 395
179 777
179 883
179 913
179 932
180 996
180 831
180 372
180 660
180 469
180 383
180 579
180 880
180 326
180 810
180 944
180 293
180 313
180 361
180 443
180 494
180 534
180 555
180 557
180 703
180 794
180 882
180 983
181 523
181 458
181 733
181 397
181 655
181 652
181 448
181 909
181 608
181 230
181 412
181 359
181 201
181 195
181 327
181 574
181 699
181 709
181 771
181 875
181 908
181 949
181 952
182 672
182 457
182 232
182 955
182 702
182 306
182 847
182 526
182 368
182 573
182 199
182 343
182 346
182 349
182 439
182 470
182 489
182 519
182 523
182 539
182 706
182 839
183 861
183 304
183 473
183 829
183 741
183 362
183 726
183 219
183 376
183 224
183 235
183 437
183 520
183 604
183 698
183 705
183 718
183 800
183 813
183 845
184 358
184 951
184 290
184 309
184 197
184 957
184 777
184 609
184 212
184 257
184 263
184 680
184 737
184 794
184 934
185 653
185 559
185 984
185 687
185 783
185 758
185 942
185 324
185 701
185 266
185 554
185 563
185 697
185 698
185 710
185 914
185 953
185 971
186 695
186 864
186 554
186 705
186 280
186 297
186 953
186 511
186 204
186 234
186 279
186 399
186 430
186 456
186 478
186 485
186 541
186 552
186 729
186 831
186 846
186 886
186 981
187 827
187 713
187 255
187 542
187 882
187 418
187 409
187 789
187 367
187 603
187 656
187 278
187 299
187 344
187 640
187 731
187 738
187 788
187 840
187 915
187 951
188 890
188 350
188 702
188 542
188 331
188 378
188 827
188 423
188 284
188 891
188 996
188 685
188 192
188 351
188 874
188 980
188 887
188 802
188 212
188 444
188 220
188 631
189 901
189 782
189 869
189 350
189 517
189 899
189 843
189 678
189 759
189 998
189 289
189 549
189 553
189 702
189 812
190 950
190 615
190 702
190 751
190 890
190 293
190 742
190 793
190 834
190 517
190 898
190 595
190 214
190 993
190 815
190 858
190 974
190 700
190 205
190 360
190 547
190 788
190 921
191 517
191 371
191 702
191 261
191 946
191 963
191 208
191 433
191 632
191 329
191 237
191 391
191 475
191 499
191 628
191 630
191 662
191 682
191 851
191 945
191 975
191 996
192 568
192 464
192 840
192 469
192 481
192 277
192 256
192 380
192 689
192 440
192 304
192 996
192 372
192 488
192 510
192 585
192 935
192 983
193 738
193 579
193 964
193 376
193 739
193 297
193 610
193 247
193 657
193 348
193 705
193 718
193 408
193 291
193 391
193 394
193 728
193 845
193 873
193 970
194 283
194 806
194 655
194 195
194 229
194 833
194 484
194 592
194 920
194 259
194 385
194 668
194 329
194 429
194 215
194 733
194 714
194 569
194 554
194 276
194 359
194 415
194 551
194 807
194 932
194 954
195 471
195 484
195 819
195 364
195 390
195 374
195 504
195 211
195 229
195 268
195 316
195 355
195 365
195 383
195 429
195 508
195 565
195 608
195 617
195 619
195 684
195 777
195 778
195 807
195 913
195 945
195 987
196 753
196 675
196 544
196 860
196 686
196 390
196 203
196 926
196 620
196 778
196 292
196 362
196 458
196 662
196 664
196 667
196 702
196 785
196 814
196 952
197 843
197 831
197 510
197 895
197 503
197 754
197 715
197 983
197 261
197 472
197 540
197 558
197 252
197 853
197 198
197 248
197 383
197 384
197 444
197 567
197 579
197 636
197 703
197 730
197 731
197 767
197 814
197 944
197 980
197 996
198 944
198 502
198 907
198 261
198 309
198 497
198 583
198 603
198 634
198 636
198 649
198 702
198 729
198 734
198 757
198 934
198 938
198 957
198 960
198 983
199 983
199 938
199 574
199 551
199 791
199 395
199 210
199 641
199 819
199 471
199 651
199 262
199 662
199 279
199 390
199 992
199 259
199 327
199 434
199 632
199 690
199 796
199 863
199 997
200 767
200 439
200 834
200 322
200 747
200 751
200 681
200 451
200 977
200 337
200 370
200 580
200 818
200 832
201 483
201 790
201 473
201 359
201 798
201 791
201 746
201 218
201 997
201 624
201 480
201 441
201 259
201 340
201 381
201 429
201 598
201 655
201 722
202 318
202 568
202 714
202 382
202 478
202 653
202 376
202 295
202 338
202 339
202 342
202 428
202 607
202 644
202 657
202 723
202 973
202 987
203 418
203 402
203 545
203 582
203 749
203 967
203 826
203 637
203 807
203 785
203 406
203 949
203 207
203 208
203 237
203 395
203 448
203 574
203 584
203 608
203 659
203 836
203 905
203 939
204 344
204 441
204 657
204 816
204 780
204 866
204 491
204 555
204 611
204 906
204 295
204 486
204 728
204 302
204 236
204 755
204 235
204 376
204 405
204 859
205 447
205 349
205 858
205 416
205 307
205 221
205 982
205 832
205 781
205 820
205 804
205 482
205 295
205 941
205 241
205 527
205 788
205 812
205 821
206 470
206 870
206 969
206 831
206 558
206 813
206 698
206 780
206 623
206 485
206 783
206 478
206 589
206 817
206 376
206 723
206 533
206 226
206 518
206 712
206 720
206 729
206 803
206 850
206 986
207 598
207 551
207 909
207 790
207 365
207 963
207 428
207 231
207 276
207 390
207 477
207 617
207 646
207 809
207 863
207 913
207 974
207 992
208 371
208 227
208 512
208 669
208 390
208 956
208 584
208 381
208 686
208 624
208 616
208 340
208 504
208 557
208 676
208 702
209 995
209 757
209 759
209 553
209 962
209 677
209 282
209 884
209 368
209 640
209 926
209 292
209 298
209 422
209 439
209 534
209 621
209 702
209 717
209 728
209 753
209 982
210 451
210 841
210 620
210 576
210 461
210 642
210 565
210 480
210 655
210 954
210 471
210 931
210 986
210 215
210 310
210 316
210 405
210 473
210 624
210 637
210 659
210 706
210 778
210 798
210 806
210 927
211 350
211 777
211 669
211 573
211 699
211 544
211 963
211 849
211 676
211 310
211 945
211 785
211 420
211 316
211 651
211 662
211 812
211 864
211 929
212 261
212 351
212 556
212 721
212 625
212 383
212 811
212 492
212 979
212 225
212 639
212 330
212 353
212 373
212 423
212 464
212 498
212 605
212 814
212 893
212 938
212 950
212 951
213 955
213 921
213 865
213 306
213 284
213 965
213 987
213 653
213 339
213 597
213 607
213 569
213 428
213 226
213 342
213 591
213 801
214 547
214 445
214 989
214 417
214 998
214 702
214 289
214 459
214 515
214 556
214 615
214 663
214 751
214 787
214 815
214 832
214 834
214 835
215 770
215 764
215 262
215 714
215 864
215 992
215 945
215 860
215 867
215 683
215 658
215 592
215 420
215 421
215 429
215 612
215 662
215 693
215 740
215 800
216 736
216 841
216 342
216 291
216 247
216 541
216 673
216 822
216 959
216 705
216 939
216 768
216 407
216 467
216 518
216 613
216 845
216 886
216 906
216 970
217 234
217 667
217 959
217 533
217 280
217 773
217 303
217 942
217 761
217 427
217 408
217 518
217 386
217 813
218 757
218 412
218 628
218 473
218 544
218 420
218 262
218 881
218 458
218 329
218 676
218 468
218 253
218 325
218 617
218 645
219 955
219 807
219 437
219 339
219 859
219 454
219 525
219 766
219 394
219 267
219 491
219 234
219 266
219 338
219 430
219 529
219 559
219 640
219 657
219 713
219 845
219 873
219 917
220 713
220 636
220 991
220 614
220 460
220 823
220 863
220 431
220 464
220 509
220 600
220 625
220 640
220 730
220 737
220 743
220 795
220 882
220 890
220 996
221 872
221 663
221 264
221 350
221 861
221 268
221 317
221 318
221 598
221 654
221 678
221 702
221 759
221 767
221 981
222 839
222 702
222 854
222 334
222 753
222 804
222 612
222 322
222 355
222 453
222 507
222 564
222 681
222 691
222 770
222 776
222 820
222 825
223 726
223 454
223 570
223 427
223 554
223 697
223 846
223 521
223 541
223 240
223 555
223 362
223 485
223 780
223 816
223 235
223 226
223 449
223 856
223 941
223 985
224 865
224 285
224 247
224 569
224 555
224 272
224 295
224 391
224 253
224 302
224 308
224 387
224 393
224 513
224 530
224 570
225 442
225 418
225 703
225 506
225 874
225 579
225 543
225 546
225 594
225 957
225 900
225 409
225 331
225 811
225 667
225 348
225 290
225 730
226 935
226 916
226 511
226 335
226 491
226 516
226 710
226 454
226 928
226 554
226 679
226 272
226 240
226 285
226 288
226 449
226 459
226 575
226 617
226 635
226 687
226 755
226 853
226 866
227 278
227 983
227 893
227 398
227 810
227 538
227 614
227 271
227 296
227 377
227 892
227 980
227 360
227 372
227 529
227 719
227 750
228 684
228 642
228 860
228 364
228 693
228 807
228 239
228 340
228 354
228 452
228 476
228 483
228 511
228 617
228 637
228 650
228 809
228 927
228 946
228 999
229 779
229 807
229 545
229 714
229 809
229 511
229 272
229 310
229 352
229 468
229 473
229 661
229 665
229 676
229 702
229 867
229 883
229 932
229 952
229 956
230 944
230 312
230 329
230 558
230 354
230 592
230 675
230 252
230 268
230 287
230 309
230 319
230 379
230 421
230 429
230 433
230 441
230 486
230 487
230 551
230 559
230 560
230 598
230 616
230 642
230 658
230 722
230 808
230 841
230 849
230 926
230 957
231 260
231 875
231 364
231 799
231 343
231 779
231 967
231 504
231 480
231 310
231 764
231 555
231 484
231 507
231 626
231 708
231 746
231 867
232 621
232 937
232 716
232 654
232 358
232 950
232 270
232 890
232 311
232 323
232 501
232 526
232 539
232 702
232 747
232 757
232 821
232 854
232 858
232 896
232 921
233 436
233 584
233 867
233 675
233 999
233 616
233 929
233 574
233 484
233 239
233 777
233 401
233 476
233 253
233 504
233 659
233 703
233 708
233 782
233 800
233 932
234 745
234 370
234 969
234 669
234 809
234 490
234 291
234 852
234 752
234 393
234 851
234 817
234 816
234 965
234 382
234 403
234 427
234 486
234 707
234 914
234 944
234 986
235 996
235 651
235 554
235 285
235 644
235 513
235 894
235 888
235 914
235 970
235 247
235 382
235 394
235 408
235 427
235 550
235 607
235 830
235 837
235 850
235 985
236 990
236 430
236 845
236 888
236 292
236 362
236 914
236 942
236 342
236 852
236 250
236 376
236 461
236 463
236 486
236 613
236 710
236 866
236 971
236 986
237 722
237 320
237 312
237 471
237 560
237 749
237 441
237 503
237 576
237 967
238 526
238 375
238 289
238 950
238 293
238 411
238 369
238 270
238 475
238 388
238 241
238 419
238 439
238 447
238 589
238 702
238 706
238 787
238 801
238 901
238 962
238 982
239 957
239 584
239 397
239 565
239 381
239 641
239 619
239 799
239 626
239 864
239 319
239 401
239 433
239 452
239 471
239 504
239 592
239 702
239 771
239 790
239 803
239 836
239 924
240 715
240 339
240 853
240 741
240 816
240 610
240 756
240 391
240 342
240 335
240 774
240 687
240 428
240 247
240 253
240 382
240 396
240 407
240 511
240 513
240 516
240 552
240 559
240 575
240 648
240 850
241 788
241 933
241 318
241 702
241 872
241 612
241 349
241 772
241 956
241 830
241 829
241 283
241 526
241 527
241 801
242 583
242 244
242 938
242 420
242 668
242 783
242 256
242 271
242 460
242 590
242 600
242 794
242 930
242 984
243 277
243 256
243 746
243 863
243 320
243 458
243 658
243 871
243 833
243 318
243 496
243 573
243 593
243 665
243 683
243 693
244 793
244 614
244 656
244 353
244 996
244 538
244 855
244 493
244 680
244 317
244 512
244 919
244 378
244 823
244 983
244 262
244 274
244 330
244 465
244 702
244 953
245 940
245 757
245 702
245 716
245 762
245 776
245 727
245 937
245 300
245 315
245 411
245 459
245 839
246 785
246 914
246 768
246 292
246 521
246 653
246 984
246 254
246 917
246 408
246 285
246 324
246 348
246 456
246 594
246 704
246 970
247 757
247 768
247 525
247 292
247 399
247 817
247 687
247 618
247 707
247 295
247 554
247 410
247 333
247 340
247 348
247 382
247 387
247 417
247 520
247 917
247 928
247 953
247 970
248 677
248 702
248 854
248 284
248 935
248 660
248 255
248 631
248 543
248 256
248 887
248 538
248 996
248 692
248 492
248 503
248 585
248 596
248 602
248 688
248 892
249 603
249 383
249 481
249 907
249 640
249 378
249 789
249 743
249 299
249 708
249 263
249 565
249 303
249 326
249 331
249 402
249 703
249 719
249 760
249 996
250 841
250 491
250 253
250 297
250 942
250 667
250 941
250 648
250 710
250 610
250 635
250 463
250 338
250 816
250 752
250 325
250 437
250 485
250 589
250 595
250 697
250 842
250 850
251 674
251 511
251 696
251 941
251 653
251 971
251 829
251 426
251 813
251 986
251 486
251 947
251 948
251 657
251 618
251 569
251 964
251 525
251 267
251 394
251 430
251 534
251 970
252 981
252 538
252 920
252 655
252 771
252 665
252 565
252 606
252 699
252 632
252 341
252 461
252 791
252 637
252 576
252 483
252 544
252 582
252 608
252 619
252 978
252 992
253 761
253 376
253 720
253 272
253 295
253 607
253 610
253 274
253 292
253 321
253 408
253 493
253 529
253 588
253 589
253 923
253 942
253 947
254 916
254 648
254 570
254 399
254 520
254 382
254 285
254 291
254 302
254 325
254 387
254 572
254 598
254 607
254 633
254 679
254 755
254 921
254 941
254 942
254 965
255 645
255 353
255 256
255 602
255 431
255 261
255 844
255 881
255 712
255 393
255 351
255 384
255 394
255 423
255 464
255 466
255 469
255 480
255 503
255 557
255 562
255 579
255 823
255 841
255 870
255 892
255 960
256 605
256 330
256 583
256 497
256 840
256 407
256 357
256 372
256 380
256 436
256 520
256 546
256 562
256 634
256 702
256 713
256 721
256 737
256 746
256 797
256 915
256 996
257 349
257 309
257 472
257 614
257 602
257 353
257 957
257 603
257 342
257 409
257 562
257 713
257 893
258 358
258 672
258 865
258 332
258 480
258 283
258 307
258 322
258 381
258 471
258 587
258 702
258 820
258 832
258 899
259 927
259 312
259 945
259 652
259 608
259 263
259 279
259 434
259 491
259 522
259 573
259 708
260 475
260 626
260 833
260 628
260 263
260 337
260 329
260 778
260 592
260 819
260 391
260 268
260 297
260 354
260 429
260 517
260 709
260 871
260 883
260 945
260 956
261 444
261 794
261 900
261 823
261 631
261 605
261 983
261 593
261 754
261 887
261 510
261 860
261 332
261 418
261 435
261 536
261 586
261 765
261 852
261 966
261 996
262 951
262 641
262 675
262 490
262 446
262 320
262 530
262 926
262 429
262 508
262 608
262 616
262 619
262 709
262 784
262 883
262 975
263 598
263 671
263 647
263 545
263 628
263 364
263 881
263 337
263 574
263 282
263 558
263 616
263 812
264 528
264 896
264 370
264 615
264 450
264 362
264 464
264 467
264 515
264 599
264 663
264 674
264 677
264 702
264 770
264 843
264 857
264 967
265 326
265 469
265 542
265 271
265 305
265 434
265 492
265 502
265 593
265 600
265 604
265 638
265 656
265 814
265 943
266 365
266 987
266 428
266 697
266 970
266 455
266 948
266 533
266 906
266 783
266 741
266 456
266 388
266 728
266 289
266 942
266 977
267 297
267 947
267 533
267 455
267 924
267 773
267 360
267 370
267 386
267 450
267 554
267 610
267 702
267 728
267 829
267 856
268 351
268 680
268 412
268 397
268 798
268 544
268 490
268 637
268 616
268 558
268 565
268 345
268 952
268 365
268 486
268 312
268 379
268 434
268 508
268 582
268 789
269 539
269 350
269 702
269 792
269 515
269 467
269 989
269 806
269 756
269 293
269 318
269 322
269 349
269 447
269 527
269 581
269 654
269 744
269 776
269 846
270 587
270 702
270 539
270 821
270 534
270 772
270 925
270 711
270 293
270 523
270 528
270 531
270 551
270 678
270 746
270 769
270 801
270 805
270 878
270 988
270 998
271 636
271 907
271 996
271 305
271 367
271 840
271 460
271 797
271 398
271 867
271 761
271 443
271 472
271 649
271 684
271 787
272 343
272 798
272 704
272 525
272 700
272 755
272 723
272 295
272 407
272 426
272 618
272 707
272 837
272 838
272 873
273 890
273 865
273 843
273 935
273 919
273 593
273 494
273 372
273 915
273 462
273 893
273 895
273 566
273 732
273 342
273 368
273 373
273 464
273 481
273 497
273 538
273 754
273 937
273 996
274 370
274 969
274 583
274 802
274 743
274 579
274 685
274 466
274 641
274 337
274 936
274 326
274 428
274 435
274 443
274 548
274 629
274 656
274 688
274 689
274 734
274 760
274 794
274 880
274 960
275 937
275 702
275 403
275 978
275 821
275 577
275 670
275 356
275 283
275 404
275 645
275 996
275 417
275 716
275 977
275 998
276 587
276 476
276 841
276 530
276 565
276 647
276 483
276 620
276 883
276 374
276 429
276 468
276 475
276 592
276 711
276 889
276 901
277 944
277 495
277 326
277 444
277 814
277 384
277 719
277 284
277 470
277 493
277 524
277 702
277 715
277 802
277 893
277 938
277 943
277 947
278 299
278 542
278 794
278 435
278 811
278 590
278 506
278 603
278 313
278 316
278 460
278 472
278 475
278 538
278 596
278 719
278 738
278 894
278 991
279 377
279 357
279 412
279 763
279 841
279 785
279 468
279 778
279 352
279 390
279 433
279 480
279 573
279 624
279 683
279 684
279 722
279 817
279 826
279 995
280 350
280 559
280 342
280 613
280 667
280 376
280 971
280 303
280 570
280 702
280 720
280 751
280 846
280 851
281 896
281 531
281 328
281 950
281 666
281 394
281 299
281 338
281 370
281 399
281 450
281 470
281 477
281 526
281 551
281 577
281 826
281 854
281 930
281 955
281 981
282 772
282 815
282 307
282 358
282 447
282 489
282 501
282 564
282 674
282 759
282 858
282 922
282 977
283 572
283 666
283 745
283 869
283 580
283 890
283 950
283 681
283 845
283 311
283 375
283 447
283 581
283 774
283 878
283 978
284 802
284 583
284 548
284 475
284 296
284 305
284 368
284 383
284 432
284 440
284 462
284 469
284 489
284 512
284 631
284 900
284 907
284 957
284 996
285 400
285 559
285 449
285 399
285 894
285 325
285 382
285 394
285 407
285 428
285 457
285 597
285 838
285 906
285 972
286 457
286 901
286 519
286 897
286 321
286 375
286 968
286 793
286 349
286 358
286 439
286 489
286 528
286 532
286 577
286 677
286 821
286 868
287 530
287 584
287 807
287 565
287 647
287 661
287 974
287 954
287 785
287 698
287 483
287 573
287 671
287 682
287 975
288 649
288 966
288 529
288 916
288 726
288 335
288 491
288 735
288 829
288 939
288 964
289 577
289 702
289 323
289 899
289 821
289 641
289 591
289 559
289 445
289 786
289 804
289 937
289 955
289 990
290 498
290 754
290 512
290 353
290 300
290 907
290 614
290 966
290 943
290 715
290 443
290 528
290 567
290 570
290 579
290 590
290 639
290 680
290 709
290 737
290 996
291 906
291 516
291 914
291 338
291 386
291 394
291 428
291 450
291 467
291 541
291 550
291 707
291 755
291 852
292 918
292 850
292 710
292 673
292 729
292 362
292 486
292 427
292 541
292 559
292 589
292 637
292 648
292 726
292 774
292 796
292 816
292 833
292 838
292 947
293 839
293 347
293 363
293 950
293 706
293 702
293 507
293 314
293 836
293 576
293 959
293 346
293 411
293 615
293 681
293 744
293 801
293 815
293 841
293 861
293 882
293 884
293 996
294 535
294 305
294 579
294 436
294 730
294 715
294 367
294 435
294 465
294 466
294 511
294 585
294 638
294 649
294 680
294 776
294 810
295 895
295 932
295 707
295 959
295 761
295 985
295 734
295 463
295 338
295 953
295 388
295 386
295 829
295 324
295 351
295 400
295 513
295 729
295 748
295 778
295 964
296 425
296 874
296 713
296 938
296 823
296 760
296 895
296 305
296 418
296 465
296 497
296 506
296 567
296 568
296 583
296 629
296 688
296 719
296 810
296 880
297 665
297 658
297 916
297 853
297 822
297 859
297 485
297 924
297 521
297 388
297 463
297 516
297 525
297 613
297 623
297 735
297 948
298 902
298 989
298 467
298 678
298 621
298 519
298 702
298 328
298 923
298 404
298 482
298 818
299 351
299 934
299 431
299 585
299 536
299 353
299 887
299 754
299 892
299 578
299 469
299 634
299 703
299 361
299 719
299 313
299 326
299 392
299 443
299 601
299 670
299 730
299 795
299 900
299 907
299 930
299 943
299 957
300 432
300 336
300 584
300 380
300 530
300 540
300 605
300 638
300 645
300 688
300 935
300 943
301 404
301 702
301 370
301 772
301 539
301 489
301 356
301 940
301 918
301 335
301 936
301 534
301 535
301 654
302 371
302 407
302 959
302 588
302 520
302 554
302 707
302 611
302 485
302 846
302 325
302 521
302 700
302 739
302 837
302 859
302 953
303 530
303 885
303 554
303 698
303 852
303 816
303 700
303 518
303 571
303 657
303 348
303 308
303 339
303 376
303 391
303 407
303 491
303 603
303 635
303 768
303 850
303 917
304 691
304 996
304 498
304 436
304 600
304 357
304 372
304 460
304 578
304 593
304 631
304 645
304 894
304 935
304 972
304 994
305 972
305 703
305 536
305 688
305 660
305 639
305 882
305 802
305 671
305 326
305 372
305 568
305 601
305 656
305 685
305 765
305 848
305 893
305 951
305 996
306 993
306 307
306 451
306 681
306 501
306 918
306 670
306 356
306 507
306 321
306 843
306 702
306 457
306 716
306 551
306 447
306 535
306 663
306 857
306 902
306 976
307 702
307 747
307 664
307 862
307 489
307 482
307 912
307 967
307 419
307 453
307 526
307 547
307 627
307 745
307 781
307 854
307 869
308 899
308 906
308 752
308 712
308 852
308 850
308 518
308 571
308 591
308 894
308 382
308 396
308 408
308 520
308 697
308 828
308 925
308 936
309 725
309 436
309 996
309 966
309 605
309 810
309 313
309 331
309 424
309 472
309 503
309 512
309 586
309 593
309 710
309 715
309 730
309 919
309 934
310 564
310 475
310 499
310 875
310 749
310 826
310 397
310 401
310 676
310 441
310 675
310 881
310 316
310 720
310 327
310 329
310 473
310 606
310 617
310 661
310 860
310 928
311 982
311 981
311 702
311 334
311 921
311 868
311 751
311 990
311 832
311 762
311 793
311 633
311 678
311 770
311 912
311 955
312 997
312 889
312 699
312 669
312 441
312 867
312 355
312 316
312 320
312 883
312 866
312 554
312 401
312 434
312 446
312 565
312 624
312 676
312 682
312 771
312 881
313 840
313 481
313 465
313 389
313 440
313 566
313 685
313 536
313 436
313 383
313 631
313 669
313 618
313 529
313 417
313 548
313 710
313 721
313 743
313 919
313 968
313 992
314 556
314 602
314 730
314 493
314 907
314 731
314 389
314 384
314 392
314 469
314 536
314 552
314 568
314 585
314 631
314 656
314 693
314 892
314 972
315 678
315 694
315 459
315 643
315 899
315 612
315 332
315 969
315 381
315 486
315 390
315 403
315 439
315 654
315 663
315 670
315 702
315 706
315 804
315 891
315 905
316 702
316 565
316 337
316 628
316 784
316 652
316 860
316 669
316 545
316 449
316 608
316 661
316 776
317 512
317 930
317 466
317 469
317 919
317 656
317 543
317 400
317 914
317 398
317 461
317 567
317 578
317 602
317 633
317 640
317 831
318 857
318 832
318 702
318 517
318 694
318 872
318 376
318 321
318 384
318 501
318 507
318 513
318 572
318 595
318 793
318 858
319 493
319 969
319 863
319 920
319 784
319 484
319 867
319 860
319 395
319 421
319 531
319 626
319 628
319 733
319 785
320 350
320 401
320 997
320 480
320 690
320 675
320 530
320 576
320 647
320 364
320 926
320 341
320 351
320 354
320 380
320 438
320 490
320 565
320 592
320 609
320 616
320 630
320 676
320 746
320 849
320 869
320 905
320 945
321 702
321 537
321 772
321 782
321 553
321 600
321 661
321 447
321 515
321 694
321 757
321 845
322 477
322 993
322 438
322 702
322 857
322 902
322 363
322 581
322 996
322 906
322 845
322 334
322 759
322 859
322 905
322 989
323 922
323 868
323 897
323 439
323 531
323 350
323 662
323 419
323 769
323 775
323 776
323 835
323 858
323 872
323 968
323 978
323 990
324 671
324 644
324 500
324 382
324 338
324 386
324 388
324 575
324 803
324 889
324 969
325 662
325 790
325 455
325 828
325 463
325 388
325 387
325 752
325 948
325 829
325 939
325 348
325 486
325 610
325 611
325 644
325 667
325 845
325 869
326 891
326 983
326 543
326 357
326 444
326 462
326 464
326 465
326 512
326 586
326 656
326 729
326 799
326 811
326 893
327 621
327 802
327 994
327 504
327 337
327 496
327 647
327 354
327 598
327 860
327 626
327 397
327 650
327 665
327 722
327 889
327 946
328 717
328 834
328 865
328 847
328 868
328 553
328 702
328 782
328 666
328 523
328 995
328 358
328 854
328 881
328 904
328 369
328 769
329 753
329 784
329 806
329 875
329 790
329 463
329 366
329 433
329 452
329 504
329 513
329 582
329 702
329 819
329 949
330 542
330 689
330 789
330 994
330 357
330 440
330 414
330 336
330 510
330 600
330 636
330 660
330 687
330 719
330 811
330 951
331 409
331 639
331 957
331 765
331 570
331 430
331 472
331 488
331 514
331 538
331 583
331 596
331 667
331 719
331 823
331 962
332 976
332 955
332 564
332 681
332 346
332 535
332 528
332 615
332 865
332 502
332 970
332 347
332 369
332 411
332 577
332 622
332 702
332 716
332 717
332 776
332 812
332 861
332 868
332 884
332 988
333 921
333 805
333 666
333 854
333 716
333 790
333 360
333 574
333 587
333 672
333 702
334 531
334 702
334 950
334 854
334 595
334 346
334 507
334 622
334 932
334 370
334 453
334 534
334 547
334 549
334 648
334 681
334 776
334 804
334 815
334 861
334 962
334 968
335 959
335 388
335 653
335 953
335 741
335 348
335 430
335 478
335 491
335 500
335 516
335 555
335 728
335 851
335 996
336 990
336 737
336 384
336 840
336 614
336 649
336 725
336 808
336 494
336 594
336 583
336 957
336 444
336 634
336 797
336 660
336 668
336 679
336 413
336 440
336 579
336 603
336 724
337 614
337 359
337 476
337 860
337 652
337 364
337 764
337 809
337 412
337 421
337 530
337 575
337 669
337 733
337 913
338 832
338 694
338 944
338 778
338 948
338 516
338 873
338 591
338 710
338 720
338 718
338 348
338 349
338 550
338 801
338 829
338 893
339 679
339 569
339 391
339 455
339 463
339 959
339 386
339 491
339 575
339 591
339 611
339 677
339 739
339 755
339 953
340 998
340 973
340 347
340 992
340 749
340 385
340 474
340 777
340 665
340 341
340 651
340 763
340 819
340 345
340 357
340 359
340 632
340 642
340 646
340 671
340 806
341 779
341 909
341 841
341 740
341 883
341 932
341 917
341 421
341 458
341 496
341 508
341 592
341 665
341 675
341 709
341 769
341 840
341 931
342 350
342 401
342 700
342 486
342 846
342 936
342 478
342 575
342 393
342 396
342 410
342 437
342 648
342 702
342 904
343 881
343 722
343 997
343 475
343 405
343 390
343 446
343 352
343 345
343 632
343 385
343 885
343 456
343 784
343 967
344 539
344 725
344 506
344 353
344 372
344 373
344 414
344 485
344 514
344 543
344 649
344 692
344 721
344 750
344 891
344 893
344 996
345 900
345 911
345 420
345 809
345 560
345 920
345 606
345 565
345 514
345 381
345 406
345 429
345 448
345 544
345 558
345 574
345 684
345 722
345 764
345 932
345 963
346 925
346 678
346 786
346 781
346 515
346 702
346 641
346 459
346 762
346 821
346 869
346 898
346 908
346 940
347 507
347 858
347 519
347 666
347 717
347 865
347 422
347 910
347 857
347 974
347 468
347 942
347 478
347 464
347 531
347 553
347 564
347 702
347 725
347 812
347 999
348 361
348 626
348 486
348 888
348 511
348 936
348 761
348 396
348 500
348 667
348 947
348 971
349 517
349 772
349 922
349 445
349 702
349 643
349 596
349 484
349 385
349 837
349 350
349 568
349 580
349 615
349 707
349 775
349 858
349 866
349 903
350 981
350 847
350 681
350 353
350 809
350 986
350 816
350 702
350 727
350 744
350 747
350 825
351 432
351 498
351 372
351 840
351 503
351 730
351 398
351 743
351 497
351 540
351 542
351 888
351 938
352 499
352 374
352 415
352 474
352 545
352 565
352 661
352 690
352 842
352 885
353 892
353 583
353 795
353 707
353 445
353 563
353 605
353 649
353 660
353 915
353 944
354 508
354 446
354 883
354 381
354 841
354 558
354 458
354 390
354 571
354 490
354 662
354 791
354 798
354 952
354 992
354 996
354 997
355 736
355 431
355 849
355 927
355 975
355 630
355 909
355 433
355 598
355 626
355 483
355 624
355 617
355 544
355 385
355 926
355 373
355 415
355 499
355 655
355 709
355 790
355 800
356 479
356 489
356 993
356 553
356 968
356 677
356 982
356 702
356 933
356 438
356 409
356 411
356 482
356 507
356 515
356 666
356 757
356 787
356 847
356 898
356 937
356 988
357 869
357 907
357 431
357 930
357 602
357 436
357 503
357 590
357 447
357 510
357 579
357 593
357 743
357 827
357 830
357 848
357 996
358 753
358 599
358 691
358 976
358 782
358 457
358 706
358 451
358 786
358 898
358 702
358 925
358 364
358 952
358 534
358 577
358 621
358 654
358 670
358 672
358 854
359 404
359 997
359 484
359 448
359 779
359 992
359 551
359 860
359 952
359 483
359 739
359 508
359 598
359 606
359 684
359 909
359 929
359 979
359 995
360 706
360 910
360 832
360 868
360 702
360 411
360 438
360 821
361 603
361 996
361 593
361 840
361 680
361 754
361 773
361 478
361 942
361 506
361 512
361 566
361 645
361 703
361 802
361 900
361 961
361 972
362 410
362 525
362 561
362 478
362 516
362 597
362 387
362 850
362 386
362 427
362 434
362 500
362 552
362 563
362 623
362 635
362 914
362 976
363 706
363 599
363 858
363 417
363 470
363 501
363 523
363 634
363 702
363 717
363 745
363 759
363 786
363 832
363 884
363 922
363 960
363 982
364 415
364 883
364 722
364 630
364 833
364 932
364 365
364 406
364 524
364 558
364 920
364 963
364 992
365 940
365 858
365 592
365 514
365 746
365 675
365 800
365 945
365 522
365 608
365 659
365 699
365 809
365 833
366 483
366 833
366 452
366 582
366 676
366 448
366 807
366 699
366 505
366 714
366 514
366 637
366 558
366 575
366 708
366 791
366 841
367 462
367 594
367 689
367 957
367 378
367 502
367 649
367 740
367 873
367 384
367 493
367 600
367 657
367 719
367 774
367 827
367 848
367 996
368 996
368 594
368 969
368 444
368 413
368 465
368 966
368 957
368 414
368 578
368 466
368 488
368 613
368 703
368 895
369 553
369 404
369 890
369 834
369 901
369 411
369 482
369 528
369 772
369 810
369 836
369 959
369 982
370 702
370 995
370 523
370 643
370 998
370 978
370 517
370 445
370 680
370 495
370 667
370 756
370 533
370 415
370 467
370 479
370 539
370 611
370 790
370 911
370 955
370 968
371 439
371 962
371 445
371 403
371 419
371 462
371 532
371 572
371 577
371 644
371 702
371 705
371 711
371 753
371 759
371 820
371 902
371 976
371 989
372 562
372 919
372 614
372 996
372 418
372 939
372 446
372 469
372 559
372 656
372 688
372 692
372 702
372 900
372 930
372 986
373 821
373 814
373 810
373 844
373 543
373 540
373 402
373 493
373 680
373 688
373 689
373 699
373 730
373 794
373 930
374 981
374 844
374 499
374 412
374 558
374 632
374 842
374 975
374 448
374 571
374 419
374 560
374 584
374 630
374 659
374 881
374 924
375 691
375 857
375 702
375 792
375 796
375 627
375 489
375 883
375 555
375 527
375 528
375 622
375 787
376 913
376 450
376 437
376 648
376 971
376 816
376 393
376 635
376 687
376 455
376 529
376 554
376 607
376 637
376 818
377 960
377 840
377 557
377 795
377 808
377 543
377 409
377 568
377 569
377 611
377 634
377 730
377 900
377 935
377 965
377 996
378 745
378 432
378 996
378 680
378 506
378 578
378 497
378 870
378 736
378 414
378 460
378 548
378 556
378 562
378 600
378 602
378 604
378 639
378 811
378 839
378 979
379 799
379 954
379 381
379 545
379 468
379 385
379 963
379 732
379 421
379 932
379 909
379 474
379 650
379 764
379 771
379 833
379 883
379 913
379 945
380 453
380 765
380 980
380 660
380 688
380 586
380 692
380 603
380 601
380 510
380 524
380 855
381 793
381 932
381 659
381 905
381 505
381 662
381 732
381 764
381 401
381 403
381 428
381 448
381 487
381 576
381 661
381 722
381 819
381 833
381 913
381 952
381 992
382 837
382 705
382 971
382 780
382 454
382 513
382 520
382 533
382 552
382 569
382 914
382 916
383 760
383 413
383 462
383 614
383 625
383 961
383 409
383 548
383 969
383 996
384 896
384 910
384 797
384 493
384 432
384 604
384 629
384 663
384 689
384 737
384 919
384 930
385 656
385 448
385 975
385 963
385 446
385 809
385 687
385 433
385 630
385 768
385 799
385 929
386 539
386 541
386 720
386 984
386 707
386 752
386 853
386 830
386 644
386 552
386 518
386 712
386 391
386 407
386 550
386 570
386 634
386 672
386 718
386 813
386 846
387 631
387 394
387 455
387 906
387 965
387 607
387 391
387 648
387 712
387 803
387 813
387 828
387 904
388 957
388 700
388 859
388 511
388 561
388 601
388 609
388 613
388 618
388 701
388 705
388 723
388 729
388 734
388 856
388 896
388 936
389 972
389 892
389 855
389 488
389 540
389 563
389 615
389 638
389 725
389 827
389 882
389 960
390 560
390 997
390 461
390 952
390 473
390 508
390 592
390 606
390 636
390 659
390 732
390 841
390 905
391 716
391 940
391 443
391 491
391 853
391 712
391 906
391 965
391 774
391 735
391 541
391 486
391 752
391 428
391 525
391 597
391 673
391 694
391 851
391 970
391 996
392 900
392 586
392 566
392 919
392 498
392 636
392 542
392 536
392 939
392 460
392 495
392 797
392 960
393 962
393 943
393 644
393 673
393 768
393 679
393 822
393 408
393 449
393 491
393 704
393 718
393 823
393 948
394 803
394 734
394 653
394 817
394 550
394 454
394 914
394 986
394 985
394 475
394 529
394 588
394 813
394 942
395 733
395 952
395 530
395 791
395 675
395 671
395 790
395 412
395 997
395 779
395 941
395 475
395 735
395 800
396 995
396 439
396 819
396 850
396 644
396 928
396 478
396 679
396 700
396 853
396 589
396 618
396 741
396 755
396 776
396 924
396 970
397 868
397 480
397 714
397 592
397 709
397 637
397 826
397 841
397 658
397 992
397 573
397 499
397 401
397 458
397 461
397 475
397 650
397 720
397 740
397 911
397 999
398 418
398 639
398 462
398 996
398 614
398 579
398 472
398 594
398 880
398 750
398 724
398 542
398 737
398 953
398 415
398 436
398 509
398 586
398 625
398 636
398 725
398 730
398 743
398 966
399 702
399 924
399 774
399 941
399 485
399 696
399 618
399 521
399 525
399 550
399 589
399 613
399 644
399 729
399 783
399 816
399 852
399 886
399 982
400 503
400 904
400 851
400 426
400 936
400 987
400 667
400 428
400 512
400 575
400 610
400 687
400 788
400 924
400 928
400 986
401 944
401 905
401 883
401 551
401 860
401 662
401 458
401 853
401 646
401 651
401 798
401 932
401 956
402 453
402 403
402 840
402 750
402 540
402 414
402 891
402 969
402 566
402 498
402 503
402 557
402 567
402 810
402 831
402 876
402 925
402 957
403 666
403 581
403 553
403 995
403 477
403 962
403 940
403 689
403 451
403 552
403 804
403 820
403 912
403 914
403 933
403 955
404 717
404 950
404 788
404 989
404 872
404 702
404 993
404 843
404 419
404 425
404 438
404 445
404 478
404 564
404 627
404 761
404 890
404 908
405 606
405 956
405 932
405 558
405 665
405 429
405 545
405 608
405 662
405 790
405 842
406 603
406 785
406 671
406 476
406 920
406 871
406 490
406 799
406 697
406 429
406 668
406 784
406 836
406 860
406 889
407 606
407 924
407 964
407 894
407 904
407 521
407 561
407 987
407 739
407 518
407 965
407 748
407 813
407 912
408 763
408 877
408 828
408 500
408 644
408 623
408 597
408 679
408 695
408 705
408 735
408 822
408 859
408 942
408 985
409 614
409 465
409 590
409 466
409 478
409 563
409 585
409 639
409 695
409 724
409 810
409 880
409 919
409 969
409 996
410 921
410 673
410 853
410 756
410 987
410 739
410 679
410 705
410 936
410 455
410 501
410 562
410 610
410 753
410 766
410 828
411 587
411 615
411 805
411 674
411 962
411 897
411 423
411 467
411 470
411 537
411 634
411 702
411 813
411 835
411 955
412 680
412 881
412 446
412 463
412 496
412 514
412 632
412 659
412 662
412 665
412 726
412 877
412 929
412 975
413 443
413 810
413 721
413 502
413 546
413 731
413 752
413 442
413 544
413 568
413 600
413 640
413 718
413 734
413 737
413 765
413 870
414 727
414 943
414 713
414 604
414 695
414 543
414 942
414 431
414 465
414 560
414 737
415 821
415 746
415 771
415 421
415 582
415 954
415 565
415 558
415 867
415 889
415 710
416 921
416 539
416 716
416 918
416 902
416 865
416 792
416 695
416 515
416 517
416 540
416 581
416 670
416 681
416 702
416 774
416 812
416 922
416 976
417 501
417 832
417 922
417 599
417 479
417 481
417 694
417 702
417 815
417 903
417 973
417 978
418 422
418 546
418 634
418 543
418 503
418 848
418 810
418 504
418 462
418 562
418 590
418 944
418 960
418 994
419 470
419 716
419 872
419 759
419 702
419 925
419 634
419 438
419 501
419 539
419 621
419 984
420 619
420 875
420 690
420 764
420 833
420 647
420 883
420 867
420 637
420 576
420 545
420 842
420 560
420 609
420 630
420 733
420 871
420 927
420 929
420 932
421 608
421 911
421 909
421 560
421 476
421 807
421 675
421 584
421 682
421 475
421 602
421 650
421 655
421 671
421 690
421 708
421 714
421 749
421 929
421 956
422 747
422 627
422 706
422 678
422 615
422 921
422 795
422 517
422 553
422 694
422 711
422 839
423 884
423 795
423 538
423 614
423 596
423 503
423 542
423 893
423 737
423 823
423 494
423 436
423 495
423 546
423 563
423 680
423 703
423 802
423 887
423 900
423 972
424 740
424 673
424 707
424 529
424 761
424 873
424 591
424 970
424 756
424 653
424 430
424 449
424 697
424 701
424 730
424 803
424 923
424 939
424 985
425 805
425 539
425 843
425 633
425 832
425 532
425 519
425 780
425 467
425 775
425 910
425 942
426 444
426 936
426 859
426 710
426 773
426 906
426 455
426 917
426 479
426 520
426 575
426 618
426 774
426 855
426 914
426 939
427 898
427 952
427 641
427 948
427 712
427 971
427 906
427 894
427 774
427 648
427 591
427 739
427 454
427 941
427 513
427 554
427 707
427 735
427 892
427 924
427 926
428 702
428 755
428 712
428 707
428 768
428 985
428 904
428 513
428 521
428 766
428 461
428 463
428 561
428 575
428 701
428 838
429 891
429 740
429 889
429 592
429 806
429 833
429 642
429 508
429 551
429 661
429 468
429 448
429 490
429 779
429 657
429 573
429 619
430 702
430 541
430 741
430 525
430 837
430 959
430 813
430 829
430 673
430 856
430 965
430 964
430 851
430 455
430 478
430 555
430 698
430 718
430 835
431 993
431 935
431 481
431 960
431 602
431 441
431 440
431 495
431 512
431 689
431 794
431 808
431 895
431 966
432 538
432 831
432 529
432 481
432 498
432 506
432 524
432 689
432 730
432 731
432 808
432 844
432 991
433 737
433 693
433 499
433 484
433 909
433 677
433 722
433 758
433 809
433 882
433 911
433 945
433 997
434 672
434 523
434 997
434 952
434 927
434 733
434 608
434 819
434 911
434 668
434 877
434 888
435 996
435 703
435 568
435 719
435 915
435 509
435 556
435 557
435 685
435 791
435 808
435 827
435 834
435 870
435 876
435 919
435 951
436 930
436 943
436 979
436 695
436 844
436 797
436 894
436 460
436 466
436 476
436 579
436 586
436 802
436 814
436 892
436 895
436 938
436 958
437 698
437 739
437 648
437 589
437 491
437 449
437 450
437 608
437 644
437 673
437 697
437 699
437 767
437 856
437 873
437 906
438 717
438 854
438 878
438 482
438 587
438 956
438 916
438 507
438 531
438 547
438 629
438 633
438 843
438 862
438 902
439 457
439 489
439 577
439 921
439 482
439 716
439 515
439 769
439 445
439 587
439 663
439 759
439 782
439 812
440 470
440 855
440 996
440 639
440 789
440 951
440 891
440 557
440 731
440 636
440 943
440 914
440 810
440 883
440 934
440 958
440 991
441 619
441 658
441 684
441 963
441 504
441 641
441 714
441 956
441 508
441 476
441 617
441 678
441 683
441 692
441 770
441 877
442 460
442 831
442 596
442 462
442 966
442 695
442 724
442 996
442 590
442 688
442 944
442 546
442 639
442 645
442 502
442 969
442 938
442 494
443 980
443 596
443 542
443 731
443 458
443 512
443 567
443 583
443 736
443 938
444 958
444 892
444 930
444 502
444 567
444 695
444 466
444 538
444 638
444 703
444 713
444 919
445 872
445 706
445 702
445 787
445 517
445 666
445 675
445 764
445 477
445 573
445 654
445 670
445 719
446 792
446 467
446 505
446 819
446 932
446 809
446 668
446 699
446 606
446 500
446 551
446 763
446 885
446 926
446 974
446 975
447 772
447 672
447 702
447 519
447 787
447 998
447 868
447 612
447 910
447 862
447 981
447 894
447 706
447 843
448 732
448 877
448 619
448 871
448 641
448 565
448 576
448 598
448 655
448 692
448 709
448 746
448 819
448 875
449 750
449 651
449 648
449 550
449 623
449 679
449 936
449 941
450 993
450 822
450 923
450 768
450 941
450 986
450 554
450 948
450 463
450 741
450 701
450 712
450 959
450 846
450 589
450 985
450 618
450 697
450 728
450 938
450 953
451 818
451 581
451 757
451 977
451 756
451 457
451 523
451 595
451 694
451 832
451 873
452 996
452 863
452 708
452 777
452 798
452 551
452 693
452 722
452 833
452 956
452 931
452 791
452 521
452 565
452 874
452 945
453 482
453 843
453 796
453 702
453 995
453 549
453 815
453 477
453 901
453 898
453 760
453 874
453 539
453 621
453 628
453 638
453 751
453 774
453 788
453 861
453 865
453 915
454 758
454 829
454 856
454 648
454 761
454 623
454 873
454 941
454 554
454 904
454 571
454 712
454 755
454 773
454 830
454 894
455 947
455 987
455 783
455 571
455 906
455 803
455 696
455 613
455 642
455 712
455 846
455 939
455 964
455 986
456 730
456 799
456 773
456 700
456 635
456 888
456 939
456 485
456 610
456 529
456 602
456 623
456 679
456 701
456 710
456 761
456 787
456 822
456 859
456 965
456 985
457 537
457 787
457 507
457 547
457 821
457 879
457 580
457 535
457 581
457 615
457 663
457 702
457 707
457 801
457 825
457 850
457 901
457 902
457 910
458 998
458 740
458 642
458 833
458 849
458 471
458 484
458 671
458 877
459 581
459 507
459 744
459 940
459 890
459 677
459 678
459 872
459 537
459 626
459 479
459 515
459 539
459 681
459 720
459 742
459 769
459 801
459 843
459 854
459 878
460 695
460 703
460 844
460 639
460 958
460 814
460 462
460 880
460 509
460 943
460 966
461 606
461 826
461 483
461 763
461 682
461 708
461 753
461 779
461 836
461 905
462 887
462 713
462 958
462 472
462 855
462 636
462 538
462 577
462 660
462 685
462 721
462 802
462 810
462 831
462 870
462 919
462 930
462 996
463 535
463 492
463 755
463 822
463 845
463 817
463 610
463 965
463 569
463 570
463 574
463 762
463 816
463 850
463 981
464 495
464 760
464 765
464 640
464 810
464 649
464 935
464 891
464 636
464 638
464 538
464 556
464 631
464 719
464 794
464 915
464 979
464 987
464 996
465 874
465 512
465 601
465 844
465 958
465 980
465 688
465 605
465 603
465 557
465 593
465 640
465 680
465 831
465 895
465 919
466 980
466 562
466 919
466 991
466 844
466 996
466 603
466 586
466 719
466 743
466 771
466 795
466 895
466 936
467 897
467 847
467 955
467 702
467 815
467 772
467 674
467 731
467 635
467 739
467 523
467 677
467 678
467 796
467 865
467 977
467 988
468 627
469 922
469 567
469 509
469 754
469 969
469 855
469 579
469 634
469 472
469 810
469 689
469 546
469 642
469 763
469 657
469 688
469 737
469 787
469 814
469 848
469 907
469 943
469 968
469 979
470 897
470 977
470 747
470 711
470 872
470 854
470 776
470 901
470 727
470 665
470 527
470 553
470 572
470 627
470 755
470 762
470 782
470 879
471 536
471 934
471 992
471 647
471 529
471 545
471 573
471 732
471 771
471 776
471 803
471 864
471 877
472 972
472 996
472 887
472 750
472 601
472 641
472 782
472 920
473 819
473 522
473 651
473 647
473 931
473 514
473 529
473 544
473 576
473 608
473 657
473 690
473 778
473 790
473 791
473 926
473 999
474 890
474 594
474 791
474 668
474 714
474 699
474 956
474 675
474 476
474 487
474 501
474 504
474 608
474 616
474 851
474 883
474 952
474 992
475 481
475 732
475 885
475 662
475 637
475 504
475 920
475 875
475 584
475 693
475 702
475 784
475 929
475 972
476 632
476 963
476 875
476 530
476 565
476 662
476 667
476 683
476 722
476 732
476 842
476 882
476 952
477 818
477 519
477 940
477 674
477 912
477 781
477 671
477 500
477 489
477 515
477 702
477 872
477 902
477 909
477 950
478 555
478 774
478 569
478 588
478 783
478 610
478 987
478 535
478 704
479 977
479 796
479 702
479 910
479 890
479 704
479 838
479 621
479 654
479 706
479 742
479 770
480 869
480 660
480 714
480 931
480 992
480 523
480 654
480 683
480 746
480 949
481 595
481 526
481 702
481 680
481 972
481 578
481 966
481 795
481 900
481 557
481 692
481 713
481 736
481 794
481 827
481 895
481 960
481 996
482 744
482 804
482 820
482 835
482 965
482 654
482 896
482 940
482 958
483 819
483 584
483 504
483 505
483 668
483 617
483 911
483 937
483 949
483 974
483 975
483 992
484 967
484 867
484 746
484 544
484 626
484 647
484 505
484 530
484 592
484 598
484 652
484 707
484 708
484 777
484 820
484 849
484 949
484 999
485 599
485 845
485 783
485 758
485 739
485 679
485 653
485 728
485 597
485 491
485 894
485 707
485 516
485 541
485 644
485 697
485 726
485 838
485 979
485 985
486 742
486 780
486 525
486 701
486 752
486 784
486 923
486 942
486 962
486 965
487 926
487 714
487 722
487 668
487 521
487 673
487 576
487 626
487 630
487 665
487 682
487 841
487 992
488 612
488 702
488 695
488 935
488 715
488 802
488 961
488 509
488 563
488 596
488 614
488 754
488 841
488 891
488 893
488 951
488 980
489 672
489 702
489 627
489 706
489 865
489 962
489 884
489 711
489 676
489 535
489 664
489 753
490 799
490 909
490 630
490 616
490 702
490 722
490 883
490 905
490 911
490 956
491 647
491 697
491 611
491 588
491 657
491 696
491 698
491 828
491 849
491 906
491 923
491 939
492 769
492 743
492 731
492 811
492 721
492 893
492 579
492 625
492 713
492 814
492 880
492 996
493 814
493 602
493 848
493 958
493 719
493 524
493 540
493 552
493 588
493 594
493 810
493 812
493 919
493 951
494 827
494 566
494 662
494 939
494 495
494 502
494 509
494 721
494 892
494 934
494 961
495 935
495 930
495 789
495 725
495 797
495 739
495 498
495 557
495 680
495 712
495 738
495 944
495 957
495 960
495 972
495 996
496 606
496 642
496 592
496 650
496 558
496 936
496 545
496 676
496 708
496 836
496 849
496 875
496 877
496 956
497 498
497 996
497 590
497 795
497 536
497 721
497 703
497 777
497 704
497 510
497 524
497 548
497 601
497 685
497 688
497 689
497 789
497 844
497 874
497 882
497 962
498 934
498 737
498 605
498 972
498 512
498 888
498 548
498 593
499 763
499 584
499 875
499 800
499 657
499 514
499 624
499 630
499 683
499 684
499 809
499 925
500 902
500 702
500 944
500 768
500 936
500 520
500 816
500 734
500 817
500 525
500 761
500 953
500 529
500 710
500 748
500 766
500 948
500 987
501 993
501 772
501 978
501 691
501 672
501 839
501 804
501 801
501 694
501 549
501 836
501 677
501 744
501 879
502 579
502 966
502 556
502 562
502 724
502 891
502 977
502 984
503 562
503 831
503 594
503 961
503 603
503 602
503 572
503 736
503 797
503 844
503 958
504 809
504 573
504 622
504 655
504 709
504 778
504 806
504 877
505 530
505 565
505 544
505 551
505 626
505 669
505 771
505 806
505 809
505 823
505 836
506 823
506 685
506 844
506 660
506 802
506 573
506 750
506 789
507 872
507 898
507 526
507 553
507 643
507 702
507 769
507 786
507 787
507 879
508 641
508 963
508 920
508 863
508 544
508 771
508 997
508 799
508 867
508 551
508 592
508 871
508 684
508 686
508 889
509 831
509 760
509 893
509 882
509 692
509 688
509 735
509 780
509 980
510 602
510 680
510 831
510 548
510 960
510 754
510 844
510 961
510 671
510 538
510 596
510 874
511 684
511 518
511 852
511 552
511 985
511 559
511 851
511 906
511 570
511 575
511 606
511 635
511 726
511 767
511 814
511 816
511 889
511 932
512 865
512 660
512 743
512 540
512 542
512 568
512 602
512 680
512 713
512 930
512 934
512 994
512 996
513 962
513 653
513 525
513 550
513 623
513 552
513 942
513 984
514 530
514 659
514 842
514 592
514 671
514 967
514 913
514 558
514 573
514 582
514 628
514 663
514 945
515 762
515 678
515 664
515 988
515 897
515 968
515 982
515 549
515 961
515 682
515 581
515 702
515 706
516 702
516 718
516 721
516 837
516 984
516 985
517 897
517 834
517 753
517 896
517 903
517 653
517 519
517 560
517 686
517 702
517 793
517 912
517 933
517 973
517 993
518 544
518 931
518 803
518 936
518 618
518 667
518 852
518 723
518 916
518 959
518 673
518 571
518 739
518 985
519 751
519 742
519 937
519 927
519 595
519 702
519 713
519 717
519 857
519 912
519 925
519 977
519 978
519 995
520 716
520 702
520 996
520 808
520 929
520 729
520 987
520 653
520 748
520 766
520 701
520 533
520 707
520 541
520 850
520 886
520 941
520 953
521 594
521 637
521 924
521 873
521 830
521 965
521 768
521 673
521 529
521 550
521 554
521 614
521 667
521 829
521 850
522 684
522 651
522 997
522 746
522 620
522 625
522 711
522 778
522 821
522 913
522 967
523 995
523 977
523 918
523 595
523 581
523 629
523 702
523 899
523 955
523 978
524 702
524 721
524 810
524 802
524 557
524 891
524 614
524 534
524 870
524 889
524 906
524 983
525 593
525 541
525 942
525 914
525 569
525 928
525 559
525 687
525 761
525 845
525 856
525 934
525 953
525 959
526 899
526 564
526 820
526 702
526 903
526 825
526 940
526 744
526 872
526 847
526 660
526 931
526 531
526 769
526 781
526 782
526 787
526 858
526 912
526 980
527 702
527 612
527 878
527 782
527 711
527 744
527 767
528 702
528 925
528 753
528 832
528 672
528 933
528 717
528 666
528 670
528 976
528 564
528 580
528 595
528 674
528 770
528 781
528 805
528 903
529 791
529 569
529 780
529 984
529 846
529 888
529 696
529 559
529 554
529 803
529 845
529 986
530 727
530 821
530 787
530 867
530 860
530 777
530 709
530 856
530 932
531 782
531 922
531 821
531 857
531 727
531 664
531 702
531 897
531 561
531 698
531 744
532 787
532 702
532 672
532 908
532 744
532 577
532 676
532 712
532 988
533 565
533 555
533 953
533 924
533 550
533 679
533 626
533 905
533 914
534 921
534 981
534 824
534 612
534 918
534 933
534 815
534 702
534 842
534 925
534 982
535 858
535 998
535 702
535 804
535 837
535 866
535 903
536 639
536 538
536 563
536 567
536 581
536 586
536 625
536 636
536 646
536 895
536 951
536 966
536 996
537 933
537 955
537 622
537 702
537 672
537 651
537 559
537 670
537 841
537 962
537 988
538 645
538 725
538 578
538 636
538 592
538 737
538 840
538 892
539 989
539 775
539 599
539 666
539 622
539 633
539 702
539 711
539 786
539 898
540 961
540 578
540 891
540 935
540 938
540 958
540 960
541 583
541 637
541 668
541 704
541 894
541 904
541 552
541 602
541 607
541 623
541 702
541 850
541 859
541 916
542 887
542 602
542 814
542 725
542 640
542 713
542 797
542 798
542 823
542 934
542 961
543 876
543 831
543 958
543 833
543 590
543 685
543 863
544 576
544 954
544 565
544 648
544 574
544 584
544 598
544 685
544 849
544 881
544 929
545 807
545 791
545 671
545 560
545 683
545 763
545 952
546 636
546 972
546 938
546 557
546 996
546 685
546 750
546 585
546 558
546 697
546 601
546 638
546 645
546 794
546 880
546 900
547 702
547 786
547 988
547 989
548 636
548 887
548 831
548 724
548 557
548 586
548 617
548 634
548 689
548 725
548 738
548 811
548 930
548 972
549 702
549 633
549 962
549 742
549 812
549 912
549 989
549 862
549 622
549 762
549 898
549 921
549 977
549 990
550 712
550 559
550 853
550 837
550 597
550 756
550 813
550 842
550 988
551 880
551 675
551 799
551 661
551 763
551 945
551 573
551 652
551 657
551 729
551 606
551 651
551 684
551 702
551 897
551 905
551 909
552 658
552 780
552 936
552 766
552 554
552 866
552 783
552 571
552 710
552 803
553 595
553 702
553 733
553 756
553 776
553 889
553 898
554 936
554 768
554 569
554 705
554 760
554 838
554 986
555 857
555 687
555 613
555 904
555 673
555 739
555 948
556 893
556 602
556 634
556 795
556 688
556 738
556 600
556 566
556 569
556 737
556 891
556 902
556 969
556 991
557 908
557 636
557 811
557 996
557 579
557 844
557 692
557 594
557 915
557 568
557 934
557 638
557 702
557 887
557 907
558 629
558 975
558 606
559 824
559 758
559 987
559 704
559 588
559 830
559 667
559 723
559 575
559 589
559 644
559 707
559 729
559 803
559 838
559 965
560 686
560 624
560 659
560 827
560 929
561 765
561 774
561 959
561 635
561 613
561 696
561 705
561 906
561 964
562 605
562 895
562 996
562 957
562 634
562 860
562 568
563 907
563 724
563 996
563 938
563 880
563 638
563 893
564 767
564 681
564 896
564 847
564 759
564 613
564 702
564 792
564 793
564 899
564 910
564 940
565 992
565 675
565 647
565 630
565 584
565 646
565 817
565 828
565 835
565 841
565 975
566 633
566 811
566 795
566 715
566 624
566 588
566 964
566 787
566 840
566 893
567 759
567 991
567 600
567 568
567 602
567 915
568 840
568 594
568 725
568 724
568 625
568 831
568 996
568 819
568 586
569 681
569 962
569 840
569 758
569 734
569 756
569 783
569 784
569 873
569 998
570 712
570 768
570 697
570 986
570 575
570 571
570 700
570 701
570 987
571 666
571 611
571 635
571 644
571 700
571 726
571 755
571 816
571 866
571 923
572 792
572 717
572 821
572 815
572 627
572 678
572 691
572 702
572 706
572 788
572 801
572 949
572 955
573 820
573 654
573 688
573 662
573 732
573 929
573 652
573 651
573 683
573 946
573 842
573 807
573 798
573 762
573 826
573 827
574 802
574 777
574 624
574 620
574 724
574 771
574 997
575 892
575 967
575 866
575 735
575 986
575 635
575 851
575 953
575 591
575 597
575 729
575 816
576 905
576 798
576 826
576 909
576 608
576 609
576 668
576 800
576 807
576 871
576 927
576 967
577 834
577 580
577 742
577 839
577 670
577 663
577 702
577 997
577 662
577 859
577 988
578 996
578 892
578 794
578 692
578 583
578 605
578 614
578 638
578 689
578 802
578 844
578 907
578 935
579 874
579 600
579 823
579 692
579 738
579 957
579 754
579 596
579 724
579 949
579 725
579 758
579 855
579 958
580 772
580 854
580 952
580 677
580 702
580 792
580 834
580 918
580 955
580 973
580 989
581 677
581 706
581 702
581 742
581 694
581 643
581 666
581 612
581 605
581 753
581 824
581 849
581 857
581 868
582 819
582 608
582 864
582 684
582 798
582 877
582 974
582 807
582 718
582 733
583 994
583 915
583 893
583 638
583 895
583 692
583 795
583 610
583 816
583 934
584 915
584 992
584 871
584 849
584 799
584 806
584 598
584 626
584 630
584 656
584 722
584 749
584 764
584 819
584 889
584 932
584 954
585 681
585 934
585 750
585 794
585 667
585 823
585 915
585 958
585 996
586 789
586 715
586 996
586 605
586 602
586 703
586 737
586 795
586 874
586 979
587 792
587 775
587 788
587 702
587 727
587 598
587 786
587 831
587 884
588 623
588 924
588 697
588 707
588 648
588 678
588 734
588 766
588 916
588 963
589 862
589 848
589 915
589 713
589 876
589 779
589 948
589 813
589 748
589 648
589 829
589 755
589 653
589 752
590 670
590 640
590 969
590 994
590 639
590 702
590 842
591 786
591 657
591 613
591 712
591 739
591 700
591 894
591 789
591 838
591 845
592 746
592 927
592 779
592 732
592 652
592 833
592 626
592 641
592 668
592 675
592 702
592 761
592 860
592 863
593 827
593 640
593 731
593 657
593 600
593 614
593 633
593 660
593 692
593 737
593 882
593 938
593 969
593 996
594 794
594 891
594 994
594 730
594 660
594 639
594 649
594 688
594 737
594 797
594 880
595 670
595 672
595 918
595 998
595 621
595 702
595 776
595 768
595 601
595 788
596 736
596 794
596 840
596 961
596 944
596 713
596 996
596 875
596 888
596 823
597 914
597 728
597 894
597 852
597 813
597 752
597 801
597 886
598 820
598 902
598 833
598 799
598 806
598 883
598 913
598 932
599 622
599 772
599 664
599 990
599 689
599 694
599 776
599 782
599 847
599 858
599 879
599 884
599 921
599 968
599 981
599 988
600 960
600 631
600 915
600 882
600 943
600 736
600 702
600 880
600 900
601 725
601 721
601 797
601 892
601 961
601 880
601 855
601 887
601 866
601 750
601 840
601 907
601 943
602 780
602 774
602 815
602 996
603 713
603 750
603 685
603 915
603 703
603 656
603 731
603 747
603 797
603 870
603 996
604 895
604 797
604 960
604 743
604 636
604 728
604 928
604 935
604 966
604 986
605 961
605 891
605 649
605 827
605 991
605 688
605 634
605 737
605 876
605 900
605 943
605 958
606 749
606 885
606 860
606 671
606 699
606 665
606 718
606 628
606 763
606 779
607 631
607 830
607 611
607 718
607 657
607 716
607 735
607 945
608 847
608 981
608 709
608 946
608 740
608 945
608 647
608 771
608 905
608 952
609 827
609 749
609 632
609 911
609 842
609 616
609 637
609 708
609 726
609 800
609 946
609 956
609 997
610 897
610 676
610 735
610 712
610 748
610 644
610 698
610 730
610 741
610 838
610 970
611 748
611 758
611 734
611 618
611 928
611 971
612 666
612 858
612 805
612 862
612 834
612 664
612 702
612 759
612 818
613 770
613 787
613 712
613 873
613 623
613 673
613 866
613 644
613 888
613 906
613 702
613 713
613 856
613 914
613 925
613 978
614 683
614 689
614 692
614 709
614 726
614 802
614 964
614 969
615 896
615 664
615 965
615 629
615 674
615 678
615 702
615 771
615 772
616 693
616 913
616 686
616 696
616 888
616 617
616 778
616 779
616 974
617 678
617 996
617 651
617 632
617 946
617 740
617 798
617 790
617 708
617 975
618 752
618 813
618 953
618 761
618 917
618 970
618 851
618 780
618 856
618 928
618 943
618 959
619 824
619 889
619 949
619 807
619 646
619 690
619 926
620 675
620 875
620 626
620 630
620 641
620 650
620 676
620 785
620 806
620 809
620 956
621 702
621 672
621 898
621 832
621 793
621 663
621 996
621 643
621 727
621 879
622 787
622 940
622 666
622 702
622 804
623 838
623 829
623 734
623 752
623 852
623 859
623 862
623 871
623 886
623 915
623 964
624 683
624 799
624 860
624 673
624 778
624 836
624 864
625 649
625 689
625 656
625 959
625 692
625 788
625 855
625 979
626 632
626 881
626 807
626 785
626 754
626 999
627 973
627 672
627 976
627 839
627 668
627 633
627 782
627 884
628 824
628 807
628 693
628 733
628 798
628 771
628 809
628 826
628 930
628 945
628 946
629 702
629 843
629 847
629 744
629 869
630 880
630 771
630 652
630 665
630 675
630 849
630 807
630 833
630 864
630 929
630 946
631 879
631 743
631 725
631 944
631 855
631 962
631 996
632 819
632 777
632 881
632 791
632 690
632 967
632 974
632 661
632 686
632 699
632 763
633 820
633 950
633 796
633 896
633 672
633 760
633 788
633 804
634 844
634 810
634 979
634 996
634 668
634 746
634 689
634 719
634 795
635 768
635 904
635 780
635 845
635 723
635 774
635 783
635 886
635 914
636 903
636 811
636 996
636 669
636 784
636 882
636 891
637 980
637 799
637 686
637 849
637 785
637 945
638 900
638 750
638 938
638 966
638 969
639 808
639 823
639 660
639 738
639 893
640 738
640 730
640 760
640 966
640 935
640 749
640 919
640 930
640 972
641 745
641 778
641 658
641 885
641 649
641 702
641 809
641 842
641 860
642 997
642 932
642 714
642 885
642 952
642 849
642 894
642 683
642 853
643 770
643 910
643 717
643 821
643 706
643 796
643 994
643 920
643 702
643 825
644 916
644 773
644 803
644 712
644 766
644 648
644 687
644 704
644 758
644 828
645 840
645 957
645 662
645 740
645 959
645 719
645 907
646 972
646 785
646 807
646 817
647 875
647 671
647 650
647 708
647 806
647 816
647 863
647 932
647 952
647 962
648 748
648 732
648 817
648 837
648 856
648 948
648 982
649 743
649 736
649 996
649 915
649 880
649 983
649 731
649 833
649 660
649 713
649 738
649 900
649 938
649 943
650 927
650 777
650 763
650 992
650 676
650 945
651 799
651 927
651 669
651 764
651 779
651 889
652 961
652 931
652 877
652 799
652 662
652 658
652 841
652 889
652 909
652 920
652 948
652 956
653 854
653 958
653 970
653 936
653 837
653 704
653 739
653 813
653 829
653 889
653 976
654 702
654 921
654 937
654 868
654 801
654 660
654 777
654 740
654 697
654 759
654 834
654 902
655 931
655 946
655 763
655 677
655 940
656 754
656 794
656 731
656 738
656 736
656 831
656 997
656 855
656 900
656 966
657 928
657 698
657 856
657 985
657 707
657 813
657 923
658 920
658 676
658 686
658 690
658 714
658 788
658 800
658 833
658 885
658 948
659 944
659 777
659 883
659 714
659 946
659 875
659 807
659 974
659 931
659 889
659 955
660 738
660 855
660 743
660 831
660 900
660 980
660 996
661 778
661 806
661 807
661 875
661 877
661 949
662 925
662 995
662 842
662 733
662 732
662 772
662 778
662 784
662 809
662 881
662 963
663 702
663 776
663 674
663 839
663 694
663 716
663 824
663 857
664 995
664 875
664 864
664 707
664 683
664 697
664 751
664 776
664 815
664 825
664 834
664 899
664 903
664 925
665 702
665 778
665 819
665 949
665 828
665 671
665 714
665 905
665 926
665 974
666 901
666 962
666 702
666 759
666 670
666 857
666 920
666 963
666 694
666 804
666 834
666 950
666 973
666 984
667 939
667 936
667 710
667 739
667 856
667 888
667 673
667 687
667 723
667 729
667 734
667 852
667 866
667 959
668 920
668 722
668 945
668 946
668 954
669 841
669 860
669 671
669 761
669 708
669 842
669 932
669 945
670 981
670 910
670 989
670 903
670 998
670 865
670 896
670 674
670 681
671 883
671 800
671 833
671 777
671 836
671 864
671 877
671 952
672 908
672 716
672 925
672 772
672 907
672 929
672 710
672 681
672 700
672 702
672 744
672 788
672 820
672 824
672 848
672 862
672 988
673 964
673 761
673 838
673 780
673 726
673 766
673 783
673 857
673 866
673 947
674 910
674 691
674 745
674 678
674 711
674 998
674 772
674 961
674 702
674 757
674 928
675 836
675 860
675 779
675 849
675 923
675 929
676 911
676 779
676 774
676 806
676 841
676 909
676 930
676 952
677 878
677 757
677 825
677 801
677 922
677 716
677 744
677 815
677 795
677 767
677 879
677 998
678 757
678 702
678 745
678 862
678 775
678 854
678 759
678 977
679 809
679 696
679 837
679 941
679 924
679 736
679 748
679 803
679 985
679 995
679 996
680 731
680 737
680 880
680 730
680 882
680 887
680 913
680 934
680 994
681 878
681 908
681 896
681 937
681 855
681 702
681 815
681 921
681 998
682 787
682 889
682 733
682 784
682 798
682 764
682 836
682 909
682 959
682 780
682 684
682 952
682 954
683 945
683 905
683 911
683 867
683 849
683 714
683 875
683 992
684 945
684 740
684 889
684 913
685 872
685 990
685 895
685 983
685 915
685 889
685 737
685 744
685 786
686 791
686 779
687 712
687 853
687 964
687 705
687 704
687 859
687 729
687 733
687 970
688 802
688 876
688 827
688 760
688 809
688 766
688 844
688 855
688 966
689 725
689 802
689 724
689 996
689 760
689 979
689 840
690 910
690 807
690 763
690 771
690 926
690 833
690 800
690 733
690 838
690 806
690 842
690 849
690 864
690 913
691 757
691 902
691 788
691 981
691 702
691 796
691 834
692 721
692 961
692 737
692 765
692 848
692 915
692 934
692 972
692 996
693 849
693 746
694 745
694 847
694 962
694 757
694 813
694 908
695 865
695 737
695 730
695 919
695 938
696 859
696 829
696 939
696 984
697 856
697 822
697 756
697 837
697 739
697 705
697 729
697 830
697 888
697 928
698 781
698 725
698 939
698 904
698 756
698 953
698 924
698 702
698 712
698 850
698 971
699 784
699 833
699 819
699 911
699 785
699 842
699 927
699 931
700 769
700 875
700 917
700 928
700 752
700 828
700 829
700 923
700 761
700 838
700 924
700 971
700 914
700 720
701 859
701 756
701 712
701 985
701 939
701 852
701 710
701 735
701 838
701 861
701 947
702 940
702 847
702 950
702 745
702 896
702 751
702 820
702 973
702 805
702 865
702 897
702 933
702 747
702 977
702 978
702 879
702 898
702 890
702 868
702 925
702 858
702 872
702 976
702 910
702 995
702 796
702 762
702 869
702 775
702 854
702 878
702 812
702 843
702 717
702 862
702 788
702 937
702 706
702 753
702 861
702 769
702 716
702 832
702 989
702 757
702 857
702 804
702 921
702 818
702 835
702 982
702 815
702 727
702 839
702 801
702 855
702 814
702 934
702 935
702 737
702 740
702 885
702 780
702 752
702 837
702 708
702 711
702 736
702 744
702 776
702 787
702 793
702 808
702 824
702 825
702 831
702 849
702 876
702 884
702 899
702 908
702 918
702 927
702 948
702 968
702 975
702 980
702 996
702 998
703 795
703 730
703 789
703 840
703 900
703 928
703 944
704 898
704 985
704 917
704 756
704 768
704 851
704 916
704 939
704 984
705 930
705 928
705 726
705 707
705 780
705 758
705 873
705 953
705 852
705 720
705 923
705 718
705 866
705 948
706 767
706 769
706 788
706 818
706 820
707 921
707 789
707 822
707 783
707 813
707 953
707 981
707 987
708 940
708 911
708 867
708 842
708 913
708 771
708 799
709 836
709 845
709 948
710 939
710 758
710 852
710 723
710 720
710 726
710 741
710 748
710 755
710 924
710 959
711 753
711 976
711 858
711 751
711 843
712 964
712 822
712 852
712 728
712 752
712 850
713 938
713 996
713 874
713 893
714 833
714 749
714 819
714 807
714 778
714 791
714 974
715 725
715 915
715 730
715 844
715 779
716 973
716 805
716 884
716 768
716 821
716 865
716 968
717 933
717 747
717 757
717 796
717 977
717 812
717 820
717 835
717 962
718 761
718 888
718 942
718 828
718 886
718 953
719 760
719 737
719 966
719 895
719 887
719 938
719 961
719 980
720 825
720 957
720 765
720 774
720 830
720 984
720 923
720 766
720 837
720 748
720 819
720 928
720 965
721 797
721 957
721 926
721 808
721 870
722 892
722 946
722 963
722 956
722 790
722 913
722 763
723 775
723 774
723 923
723 739
723 956
723 970
724 981
724 930
724 736
724 743
724 880
724 725
724 840
724 891
724 892
725 762
725 739
725 969
726 904
726 965
726 830
726 755
726 816
726 734
726 761
726 794
726 829
726 845
727 843
727 925
727 950
727 908
727 800
727 744
727 785
727 879
727 890
727 989
728 747
728 895
728 774
728 971
728 773
728 886
728 987
728 996
729 925
729 967
729 851
729 914
729 738
730 980
730 814
730 774
731 958
731 797
731 789
731 831
731 840
731 862
731 941
731 956
731 996
732 833
732 889
732 785
732 997
732 864
732 885
732 929
732 841
732 779
732 899
732 911
732 946
733 790
733 833
733 806
733 777
733 767
733 805
733 818
733 819
733 842
733 975
734 964
734 829
734 798
734 803
734 850
734 866
734 939
734 941
734 959
735 939
735 783
735 906
735 953
736 814
736 855
736 893
736 932
736 979
737 996
737 844
737 814
737 938
737 842
737 845
737 761
738 792
738 865
738 996
738 795
738 811
738 938
739 843
739 768
739 888
739 752
739 793
739 813
739 814
739 852
739 946
739 953
740 833
740 945
740 764
740 929
740 956
740 997
741 754
741 877
741 830
741 852
741 888
741 761
741 773
741 774
741 816
741 884
741 928
741 965
742 820
742 744
742 815
742 834
742 884
742 950
742 955
743 934
743 802
743 887
743 943
744 921
744 839
744 898
744 806
744 819
744 767
745 753
745 847
745 998
745 775
745 818
745 834
745 918
745 988
745 990
746 765
746 836
746 841
746 763
746 775
746 807
746 875
746 911
747 896
747 772
747 972
747 968
747 978
747 989
748 761
748 947
748 816
748 850
748 756
748 910
748 984
749 818
749 799
749 946
749 842
750 840
750 960
750 789
750 966
750 957
750 996
751 897
751 908
751 835
751 879
751 910
751 940
751 977
751 981
751 998
752 860
752 841
752 986
752 851
752 850
752 923
752 941
753 812
753 854
753 976
753 973
753 897
753 872
753 805
753 847
753 910
753 982
754 760
754 961
754 907
754 855
754 892
754 935
754 943
754 996
755 783
755 766
755 803
755 813
755 893
755 964
756 914
756 964
756 923
756 959
756 806
756 837
756 970
756 973
757 858
757 801
757 981
757 781
757 973
757 988
758 957
758 829
758 970
758 904
758 807
758 816
758 987
759 901
759 832
759 981
759 788
759 762
759 862
759 912
760 814
761 773
761 965
761 964
761 985
761 986
762 857
762 772
762 896
762 869
762 897
762 912
763 819
763 907
763 954
764 952
764 833
764 967
764 819
765 893
765 874
765 891
765 795
765 855
765 767
765 831
765 870
765 982
765 996
766 970
766 853
766 783
766 928
767 775
767 834
767 805
767 921
767 795
768 961
768 846
768 953
768 830
768 806
768 866
768 971
769 865
769 903
769 981
769 788
769 804
769 998
770 804
770 978
770 818
770 796
770 872
770 918
770 886
770 904
770 824
770 902
770 921
770 971
771 952
771 784
771 963
771 867
771 800
771 905
772 912
772 815
772 920
772 843
772 921
773 816
773 851
773 866
773 888
773 942
774 923
774 845
774 846
774 856
774 870
774 947
775 820
775 834
775 921
775 976
775 908
775 793
775 808
775 984
776 940
776 902
776 825
776 989
777 820
777 963
777 881
777 932
777 954
777 967
777 975
778 798
778 926
778 800
778 807
778 864
778 999
779 945
779 800
779 967
779 849
779 929
780 982
780 867
780 873
780 886
780 964
781 793
781 878
781 955
782 990
782 899
782 944
782 982
782 995
783 856
783 914
783 942
783 928
783 830
783 853
783 917
783 948
784 952
784 997
784 871
784 849
784 799
784 911
784 924
784 992
785 864
785 838
785 807
785 877
786 989
786 937
786 891
786 792
786 801
786 844
786 865
786 918
786 925
787 890
787 976
787 869
787 857
787 876
787 788
787 910
787 950
788 865
788 834
789 958
789 930
789 961
789 991
789 810
789 814
789 891
789 972
789 994
789 996
790 807
790 871
790 929
790 799
790 867
790 932
790 974
790 975
790 985
791 821
791 819
792 950
792 812
792 989
792 834
792 884
793 878
793 990
793 910
793 955
793 987
794 996
794 802
794 900
795 983
795 808
795 840
795 951
796 937
796 899
796 824
796 872
796 950
796 801
796 858
796 861
797 943
797 881
797 991
798 825
798 800
798 842
798 863
798 864
798 892
798 905
798 913
798 931
798 952
799 909
799 841
799 905
799 946
799 963
800 871
800 860
800 975
801 910
801 995
801 947
802 980
802 938
802 891
802 943
803 886
803 941
803 959
803 906
803 924
803 816
803 838
804 903
804 918
804 864
804 818
804 824
804 854
804 857
804 858
804 933
805 868
805 861
806 875
806 819
806 911
806 974
806 809
806 871
806 952
807 864
807 920
807 869
807 927
807 942
807 949
807 956
808 996
808 939
808 904
808 935
808 943
809 863
809 954
809 952
809 963
809 867
809 931
809 946
809 956
809 975
810 876
810 966
810 944
810 811
810 862
810 934
810 996
811 944
811 848
811 993
812 982
812 998
812 833
812 904
812 881
813 830
813 939
813 829
813 816
813 846
814 892
814 887
815 862
815 933
815 861
815 912
815 988
816 894
816 909
817 822
817 916
817 866
817 924
817 939
817 996
818 825
818 879
818 968
818 820
818 832
818 981
818 878
819 952
819 842
819 883
819 905
820 857
820 843
820 824
820 878
821 872
821 910
821 980
821 825
821 940
821 955
822 859
822 965
822 959
822 936
822 982
823 855
823 870
823 912
823 943
823 950
824 897
824 993
824 832
824 839
824 851
824 854
824 857
824 989
825 847
825 858
825 910
825 869
825 856
825 839
826 864
826 920
826 954
827 958
827 833
827 866
827 934
827 944
827 957
828 878
828 929
829 911
829 836
829 917
829 847
829 886
829 965
829 984
830 845
830 941
830 971
830 852
830 859
830 866
830 928
830 965
831 900
831 939
831 907
831 956
832 903
832 898
832 948
832 918
832 921
832 950
833 954
833 864
833 905
833 967
833 997
834 899
834 993
834 974
834 843
835 990
835 977
835 918
835 847
835 955
835 982
836 875
836 927
836 841
836 926
836 936
836 842
836 867
836 967
837 906
838 996
838 877
838 936
839 868
839 918
839 892
839 858
839 937
839 978
840 892
840 957
841 974
841 932
842 856
842 975
843 902
843 937
843 993
844 996
844 915
844 919
844 994
845 982
845 846
845 852
845 859
845 906
845 953
846 852
846 851
846 984
847 869
847 908
847 982
848 996
848 895
848 991
848 966
849 867
849 949
849 971
849 898
849 992
849 997
850 936
851 936
851 971
852 924
852 970
853 873
853 928
853 948
853 970
854 858
856 894
856 987
856 912
857 868
858 962
858 890
858 955
858 901
858 918
858 898
858 942
858 869
858 912
858 925
858 989
859 916
859 923
859 998
860 946
860 877
860 992
861 869
861 922
861 940
861 892
861 872
862 879
863 975
863 999
863 864
863 875
863 899
863 949
864 952
864 920
865 996
866 906
867 963
867 911
867 975
867 917
867 932
868 989
868 876
868 968
868 973
869 897
869 908
869 981
870 892
870 876
870 943
870 958
870 983
871 920
871 909
871 910
873 998
873 923
873 939
874 991
875 877
875 946
876 961
876 920
876 900
876 925
876 949
877 883
877 974
877 920
877 953
878 910
878 950
878 879
878 988
879 933
879 993
879 899
879 937
880 911
880 919
881 926
881 912
881 991
882 996
882 986
882 900
883 885
883 985
884 890
884 910
885 920
885 929
885 992
886 942
888 941
888 917
889 913
889 903
889 956
890 898
890 903
890 918
890 937
890 988
891 915
892 907
893 969
893 943
893 991
894 959
895 996
895 983
895 991
896 916
896 903
896 955
896 989
897 950
898 912
898 981
899 927
900 997
900 930
901 977
901 922
902 998
902 933
902 990
903 921
903 955
903 910
903 990
904 923
905 956
905 945
906 953
907 938
907 957
908 993
908 933
908 952
908 998
909 927
909 954
909 956
910 913
911 977
911 999
911 920
911 954
912 950
912 918
912 925
912 968
912 974
913 926
914 939
914 941
914 985
915 935
916 936
916 953
918 934
919 927
919 935
920 949
920 956
921 940
922 962
922 989
923 947
923 948
923 964
924 986
924 987
926 954
927 956
928 965
928 953
928 986
928 959
928 971
929 954
930 983
931 932
931 949
931 983
932 999
932 997
933 962
933 977
934 966
936 985
937 977
937 993
937 998
938 944
939 985
940 955
942 964
942 965
942 985
942 960
943 996
944 983
944 984
944 996
945 992
946 956
946 968
948 984
949 957
949 997
950 995
950 990
951 996
951 960
952 963
953 959
953 985
953 988
955 973
955 988
955 998
957 991
957 996
958 996
958 972
960 996
960 971
962 993
962 968
962 973
963 982
964 995
966 969
966 996
967 997
968 976
970 985
972 983
973 981
975 996
976 995
976 986
977 989
977 981
980 996
981 998
981 982
982 990
988 998
991 996
991 994
